unit_id,cohort,subject,selection_slot,source_url,work_or_sequence,status,analysis_path,shots_path,primary_reviewer,second_review_required,notes
creator-paulo-ia-01,creators,paulo-ia,relative_highlight,,,blocked_by_r1_human_approval,,,,True,Selection candidate has not been researched or annotated; this row is not evidence.
creator-paulo-ia-02,creators,paulo-ia,relative_highlight,,,blocked_by_r1_human_approval,,,,False,Selection candidate has not been researched or annotated; this row is not evidence.
creator-paulo-ia-03,creators,paulo-ia,relative_highlight,,,blocked_by_r1_human_approval,,,,False,Selection candidate has not been researched or annotated; this row is not evidence.
creator-paulo-ia-04,creators,paulo-ia,relative_highlight,,,blocked_by_r1_human_approval,,,,False,Selection candidate has not been researched or annotated; this row is not evidence.
creator-paulo-ia-05,creators,paulo-ia,canonical,,,blocked_by_r1_human_approval,,,,False,Selection candidate has not been researched or annotated; this row is not evidence.
creator-paulo-ia-06,creators,paulo-ia,canonical,,,blocked_by_r1_human_approval,,,,False,Selection candidate has not been researched or annotated; this row is not evidence.
creator-paulo-ia-07,creators,paulo-ia,canonical,,,blocked_by_r1_human_approval,,,,False,Selection candidate has not been researched or annotated; this row is not evidence.
creator-paulo-ia-08,creators,paulo-ia,language_variant,,,blocked_by_r1_human_approval,,,,False,Selection candidate has not been researched or annotated; this row is not evidence.
creator-paulo-ia-09,creators,paulo-ia,language_variant,,,blocked_by_r1_human_approval,,,,False,Selection candidate has not been researched or annotated; this row is not evidence.
creator-paulo-ia-10,creators,paulo-ia,instructional_failure,,,blocked_by_r1_human_approval,,,,False,Selection candidate has not been researched or annotated; this row is not evidence.
creator-mep-io-01,creators,mep-io,relative_highlight,,,blocked_by_r1_human_approval,,,,True,Selection candidate has not been researched or annotated; this row is not evidence.
creator-mep-io-02,creators,mep-io,relative_highlight,,,blocked_by_r1_human_approval,,,,False,Selection candidate has not been researched or annotated; this row is not evidence.
creator-mep-io-03,creators,mep-io,relative_highlight,,,blocked_by_r1_human_approval,,,,False,Selection candidate has not been researched or annotated; this row is not evidence.
creator-mep-io-04,creators,mep-io,relative_highlight,,,blocked_by_r1_human_approval,,,,False,Selection candidate has not been researched or annotated; this row is not evidence.
creator-mep-io-05,creators,mep-io,canonical,,,blocked_by_r1_human_approval,,,,False,Selection candidate has not been researched or annotated; this row is not evidence.
creator-mep-io-06,creators,mep-io,canonical,,,blocked_by_r1_human_approval,,,,False,Selection candidate has not been researched or annotated; this row is not evidence.
creator-mep-io-07,creators,mep-io,canonical,,,blocked_by_r1_human_approval,,,,False,Selection candidate has not been researched or annotated; this row is not evidence.
creator-mep-io-08,creators,mep-io,language_variant,,,blocked_by_r1_human_approval,,,,False,Selection candidate has not been researched or annotated; this row is not evidence.
creator-mep-io-09,creators,mep-io,language_variant,,,blocked_by_r1_human_approval,,,,False,Selection candidate has not been researched or annotated; this row is not evidence.
creator-mep-io-10,creators,mep-io,instructional_failure,,,blocked_by_r1_human_approval,,,,False,Selection candidate has not been researched or annotated; this row is not evidence.
creator-gaveta-01,creators,gaveta,relative_highlight,,,blocked_by_r1_human_approval,,,,True,Selection candidate has not been researched or annotated; this row is not evidence.
creator-gaveta-02,creators,gaveta,relative_highlight,,,blocked_by_r1_human_approval,,,,False,Selection candidate has not been researched or annotated; this row is not evidence.
creator-gaveta-03,creators,gaveta,relative_highlight,,,blocked_by_r1_human_approval,,,,False,Selection candidate has not been researched or annotated; this row is not evidence.
creator-gaveta-04,creators,gaveta,relative_highlight,,,blocked_by_r1_human_approval,,,,False,Selection candidate has not been researched or annotated; this row is not evidence.
creator-gaveta-05,creators,gaveta,canonical,,,blocked_by_r1_human_approval,,,,False,Selection candidate has not been researched or annotated; this row is not evidence.
creator-gaveta-06,creators,gaveta,canonical,,,blocked_by_r1_human_approval,,,,False,Selection candidate has not been researched or annotated; this row is not evidence.
creator-gaveta-07,creators,gaveta,canonical,,,blocked_by_r1_human_approval,,,,False,Selection candidate has not been researched or annotated; this row is not evidence.
creator-gaveta-08,creators,gaveta,language_variant,,,blocked_by_r1_human_approval,,,,False,Selection candidate has not been researched or annotated; this row is not evidence.
creator-gaveta-09,creators,gaveta,language_variant,,,blocked_by_r1_human_approval,,,,False,Selection candidate has not been researched or annotated; this row is not evidence.
creator-gaveta-10,creators,gaveta,instructional_failure,,,blocked_by_r1_human_approval,,,,False,Selection candidate has not been researched or annotated; this row is not evidence.
creator-cleo-abram-01,creators,cleo-abram,relative_highlight,,,blocked_by_r1_human_approval,,,,True,Selection candidate has not been researched or annotated; this row is not evidence.
creator-cleo-abram-02,creators,cleo-abram,relative_highlight,,,blocked_by_r1_human_approval,,,,False,Selection candidate has not been researched or annotated; this row is not evidence.
creator-cleo-abram-03,creators,cleo-abram,relative_highlight,,,blocked_by_r1_human_approval,,,,False,Selection candidate has not been researched or annotated; this row is not evidence.
creator-cleo-abram-04,creators,cleo-abram,relative_highlight,,,blocked_by_r1_human_approval,,,,False,Selection candidate has not been researched or annotated; this row is not evidence.
creator-cleo-abram-05,creators,cleo-abram,canonical,,,blocked_by_r1_human_approval,,,,False,Selection candidate has not been researched or annotated; this row is not evidence.
creator-cleo-abram-06,creators,cleo-abram,canonical,,,blocked_by_r1_human_approval,,,,False,Selection candidate has not been researched or annotated; this row is not evidence.
creator-cleo-abram-07,creators,cleo-abram,canonical,,,blocked_by_r1_human_approval,,,,False,Selection candidate has not been researched or annotated; this row is not evidence.
creator-cleo-abram-08,creators,cleo-abram,language_variant,,,blocked_by_r1_human_approval,,,,False,Selection candidate has not been researched or annotated; this row is not evidence.
creator-cleo-abram-09,creators,cleo-abram,language_variant,,,blocked_by_r1_human_approval,,,,False,Selection candidate has not been researched or annotated; this row is not evidence.
creator-cleo-abram-10,creators,cleo-abram,instructional_failure,,,blocked_by_r1_human_approval,,,,False,Selection candidate has not been researched or annotated; this row is not evidence.
creator-johnny-harris-01,creators,johnny-harris,relative_highlight,,,blocked_by_r1_human_approval,,,,True,Selection candidate has not been researched or annotated; this row is not evidence.
creator-johnny-harris-02,creators,johnny-harris,relative_highlight,,,blocked_by_r1_human_approval,,,,False,Selection candidate has not been researched or annotated; this row is not evidence.
creator-johnny-harris-03,creators,johnny-harris,relative_highlight,,,blocked_by_r1_human_approval,,,,False,Selection candidate has not been researched or annotated; this row is not evidence.
creator-johnny-harris-04,creators,johnny-harris,relative_highlight,,,blocked_by_r1_human_approval,,,,False,Selection candidate has not been researched or annotated; this row is not evidence.
creator-johnny-harris-05,creators,johnny-harris,canonical,,,blocked_by_r1_human_approval,,,,False,Selection candidate has not been researched or annotated; this row is not evidence.
creator-johnny-harris-06,creators,johnny-harris,canonical,,,blocked_by_r1_human_approval,,,,False,Selection candidate has not been researched or annotated; this row is not evidence.
creator-johnny-harris-07,creators,johnny-harris,canonical,,,blocked_by_r1_human_approval,,,,False,Selection candidate has not been researched or annotated; this row is not evidence.
creator-johnny-harris-08,creators,johnny-harris,language_variant,,,blocked_by_r1_human_approval,,,,False,Selection candidate has not been researched or annotated; this row is not evidence.
creator-johnny-harris-09,creators,johnny-harris,language_variant,,,blocked_by_r1_human_approval,,,,False,Selection candidate has not been researched or annotated; this row is not evidence.
creator-johnny-harris-10,creators,johnny-harris,instructional_failure,,,blocked_by_r1_human_approval,,,,False,Selection candidate has not been researched or annotated; this row is not evidence.
creator-marques-brownlee-01,creators,marques-brownlee,relative_highlight,,,blocked_by_r1_human_approval,,,,True,Selection candidate has not been researched or annotated; this row is not evidence.
creator-marques-brownlee-02,creators,marques-brownlee,relative_highlight,,,blocked_by_r1_human_approval,,,,False,Selection candidate has not been researched or annotated; this row is not evidence.
creator-marques-brownlee-03,creators,marques-brownlee,relative_highlight,,,blocked_by_r1_human_approval,,,,False,Selection candidate has not been researched or annotated; this row is not evidence.
creator-marques-brownlee-04,creators,marques-brownlee,relative_highlight,,,blocked_by_r1_human_approval,,,,False,Selection candidate has not been researched or annotated; this row is not evidence.
creator-marques-brownlee-05,creators,marques-brownlee,canonical,,,blocked_by_r1_human_approval,,,,False,Selection candidate has not been researched or annotated; this row is not evidence.
creator-marques-brownlee-06,creators,marques-brownlee,canonical,,,blocked_by_r1_human_approval,,,,False,Selection candidate has not been researched or annotated; this row is not evidence.
creator-marques-brownlee-07,creators,marques-brownlee,canonical,,,blocked_by_r1_human_approval,,,,False,Selection candidate has not been researched or annotated; this row is not evidence.
creator-marques-brownlee-08,creators,marques-brownlee,language_variant,,,blocked_by_r1_human_approval,,,,False,Selection candidate has not been researched or annotated; this row is not evidence.
creator-marques-brownlee-09,creators,marques-brownlee,language_variant,,,blocked_by_r1_human_approval,,,,False,Selection candidate has not been researched or annotated; this row is not evidence.
creator-marques-brownlee-10,creators,marques-brownlee,instructional_failure,,,blocked_by_r1_human_approval,,,,False,Selection candidate has not been researched or annotated; this row is not evidence.
creator-colin-and-samir-01,creators,colin-and-samir,relative_highlight,,,blocked_by_r1_human_approval,,,,True,Selection candidate has not been researched or annotated; this row is not evidence.
creator-colin-and-samir-02,creators,colin-and-samir,relative_highlight,,,blocked_by_r1_human_approval,,,,False,Selection candidate has not been researched or annotated; this row is not evidence.
creator-colin-and-samir-03,creators,colin-and-samir,relative_highlight,,,blocked_by_r1_human_approval,,,,False,Selection candidate has not been researched or annotated; this row is not evidence.
creator-colin-and-samir-04,creators,colin-and-samir,relative_highlight,,,blocked_by_r1_human_approval,,,,False,Selection candidate has not been researched or annotated; this row is not evidence.
creator-colin-and-samir-05,creators,colin-and-samir,canonical,,,blocked_by_r1_human_approval,,,,False,Selection candidate has not been researched or annotated; this row is not evidence.
creator-colin-and-samir-06,creators,colin-and-samir,canonical,,,blocked_by_r1_human_approval,,,,False,Selection candidate has not been researched or annotated; this row is not evidence.
creator-colin-and-samir-07,creators,colin-and-samir,canonical,,,blocked_by_r1_human_approval,,,,False,Selection candidate has not been researched or annotated; this row is not evidence.
creator-colin-and-samir-08,creators,colin-and-samir,language_variant,,,blocked_by_r1_human_approval,,,,False,Selection candidate has not been researched or annotated; this row is not evidence.
creator-colin-and-samir-09,creators,colin-and-samir,language_variant,,,blocked_by_r1_human_approval,,,,False,Selection candidate has not been researched or annotated; this row is not evidence.
creator-colin-and-samir-10,creators,colin-and-samir,instructional_failure,,,blocked_by_r1_human_approval,,,,False,Selection candidate has not been researched or annotated; this row is not evidence.
creator-mrbeast-01,creators,mrbeast,relative_highlight,,,blocked_by_r1_human_approval,,,,True,Selection candidate has not been researched or annotated; this row is not evidence.
creator-mrbeast-02,creators,mrbeast,relative_highlight,,,blocked_by_r1_human_approval,,,,False,Selection candidate has not been researched or annotated; this row is not evidence.
creator-mrbeast-03,creators,mrbeast,relative_highlight,,,blocked_by_r1_human_approval,,,,False,Selection candidate has not been researched or annotated; this row is not evidence.
creator-mrbeast-04,creators,mrbeast,relative_highlight,,,blocked_by_r1_human_approval,,,,False,Selection candidate has not been researched or annotated; this row is not evidence.
creator-mrbeast-05,creators,mrbeast,canonical,,,blocked_by_r1_human_approval,,,,False,Selection candidate has not been researched or annotated; this row is not evidence.
creator-mrbeast-06,creators,mrbeast,canonical,,,blocked_by_r1_human_approval,,,,False,Selection candidate has not been researched or annotated; this row is not evidence.
creator-mrbeast-07,creators,mrbeast,canonical,,,blocked_by_r1_human_approval,,,,False,Selection candidate has not been researched or annotated; this row is not evidence.
creator-mrbeast-08,creators,mrbeast,language_variant,,,blocked_by_r1_human_approval,,,,False,Selection candidate has not been researched or annotated; this row is not evidence.
creator-mrbeast-09,creators,mrbeast,language_variant,,,blocked_by_r1_human_approval,,,,False,Selection candidate has not been researched or annotated; this row is not evidence.
creator-mrbeast-10,creators,mrbeast,instructional_failure,,,blocked_by_r1_human_approval,,,,False,Selection candidate has not been researched or annotated; this row is not evidence.
creator-ryan-trahan-01,creators,ryan-trahan,relative_highlight,,,blocked_by_r1_human_approval,,,,True,Selection candidate has not been researched or annotated; this row is not evidence.
creator-ryan-trahan-02,creators,ryan-trahan,relative_highlight,,,blocked_by_r1_human_approval,,,,False,Selection candidate has not been researched or annotated; this row is not evidence.
creator-ryan-trahan-03,creators,ryan-trahan,relative_highlight,,,blocked_by_r1_human_approval,,,,False,Selection candidate has not been researched or annotated; this row is not evidence.
creator-ryan-trahan-04,creators,ryan-trahan,relative_highlight,,,blocked_by_r1_human_approval,,,,False,Selection candidate has not been researched or annotated; this row is not evidence.
creator-ryan-trahan-05,creators,ryan-trahan,canonical,,,blocked_by_r1_human_approval,,,,False,Selection candidate has not been researched or annotated; this row is not evidence.
creator-ryan-trahan-06,creators,ryan-trahan,canonical,,,blocked_by_r1_human_approval,,,,False,Selection candidate has not been researched or annotated; this row is not evidence.
creator-ryan-trahan-07,creators,ryan-trahan,canonical,,,blocked_by_r1_human_approval,,,,False,Selection candidate has not been researched or annotated; this row is not evidence.
creator-ryan-trahan-08,creators,ryan-trahan,language_variant,,,blocked_by_r1_human_approval,,,,False,Selection candidate has not been researched or annotated; this row is not evidence.
creator-ryan-trahan-09,creators,ryan-trahan,language_variant,,,blocked_by_r1_human_approval,,,,False,Selection candidate has not been researched or annotated; this row is not evidence.
creator-ryan-trahan-10,creators,ryan-trahan,instructional_failure,,,blocked_by_r1_human_approval,,,,False,Selection candidate has not been researched or annotated; this row is not evidence.
creator-zach-king-01,creators,zach-king,relative_highlight,,,blocked_by_r1_human_approval,,,,True,Selection candidate has not been researched or annotated; this row is not evidence.
creator-zach-king-02,creators,zach-king,relative_highlight,,,blocked_by_r1_human_approval,,,,False,Selection candidate has not been researched or annotated; this row is not evidence.
creator-zach-king-03,creators,zach-king,relative_highlight,,,blocked_by_r1_human_approval,,,,False,Selection candidate has not been researched or annotated; this row is not evidence.
creator-zach-king-04,creators,zach-king,relative_highlight,,,blocked_by_r1_human_approval,,,,False,Selection candidate has not been researched or annotated; this row is not evidence.
creator-zach-king-05,creators,zach-king,canonical,,,blocked_by_r1_human_approval,,,,False,Selection candidate has not been researched or annotated; this row is not evidence.
creator-zach-king-06,creators,zach-king,canonical,,,blocked_by_r1_human_approval,,,,False,Selection candidate has not been researched or annotated; this row is not evidence.
creator-zach-king-07,creators,zach-king,canonical,,,blocked_by_r1_human_approval,,,,False,Selection candidate has not been researched or annotated; this row is not evidence.
creator-zach-king-08,creators,zach-king,language_variant,,,blocked_by_r1_human_approval,,,,False,Selection candidate has not been researched or annotated; this row is not evidence.
creator-zach-king-09,creators,zach-king,language_variant,,,blocked_by_r1_human_approval,,,,False,Selection candidate has not been researched or annotated; this row is not evidence.
creator-zach-king-10,creators,zach-king,instructional_failure,,,blocked_by_r1_human_approval,,,,False,Selection candidate has not been researched or annotated; this row is not evidence.
creator-daniel-schiffer-01,creators,daniel-schiffer,relative_highlight,,,blocked_by_r1_human_approval,,,,True,Selection candidate has not been researched or annotated; this row is not evidence.
creator-daniel-schiffer-02,creators,daniel-schiffer,relative_highlight,,,blocked_by_r1_human_approval,,,,False,Selection candidate has not been researched or annotated; this row is not evidence.
creator-daniel-schiffer-03,creators,daniel-schiffer,relative_highlight,,,blocked_by_r1_human_approval,,,,False,Selection candidate has not been researched or annotated; this row is not evidence.
creator-daniel-schiffer-04,creators,daniel-schiffer,relative_highlight,,,blocked_by_r1_human_approval,,,,False,Selection candidate has not been researched or annotated; this row is not evidence.
creator-daniel-schiffer-05,creators,daniel-schiffer,canonical,,,blocked_by_r1_human_approval,,,,False,Selection candidate has not been researched or annotated; this row is not evidence.
creator-daniel-schiffer-06,creators,daniel-schiffer,canonical,,,blocked_by_r1_human_approval,,,,False,Selection candidate has not been researched or annotated; this row is not evidence.
creator-daniel-schiffer-07,creators,daniel-schiffer,canonical,,,blocked_by_r1_human_approval,,,,False,Selection candidate has not been researched or annotated; this row is not evidence.
creator-daniel-schiffer-08,creators,daniel-schiffer,language_variant,,,blocked_by_r1_human_approval,,,,False,Selection candidate has not been researched or annotated; this row is not evidence.
creator-daniel-schiffer-09,creators,daniel-schiffer,language_variant,,,blocked_by_r1_human_approval,,,,False,Selection candidate has not been researched or annotated; this row is not evidence.
creator-daniel-schiffer-10,creators,daniel-schiffer,instructional_failure,,,blocked_by_r1_human_approval,,,,False,Selection candidate has not been researched or annotated; this row is not evidence.
creator-sam-kolder-01,creators,sam-kolder,relative_highlight,,,blocked_by_r1_human_approval,,,,True,Selection candidate has not been researched or annotated; this row is not evidence.
creator-sam-kolder-02,creators,sam-kolder,relative_highlight,,,blocked_by_r1_human_approval,,,,False,Selection candidate has not been researched or annotated; this row is not evidence.
creator-sam-kolder-03,creators,sam-kolder,relative_highlight,,,blocked_by_r1_human_approval,,,,False,Selection candidate has not been researched or annotated; this row is not evidence.
creator-sam-kolder-04,creators,sam-kolder,relative_highlight,,,blocked_by_r1_human_approval,,,,False,Selection candidate has not been researched or annotated; this row is not evidence.
creator-sam-kolder-05,creators,sam-kolder,canonical,,,blocked_by_r1_human_approval,,,,False,Selection candidate has not been researched or annotated; this row is not evidence.
creator-sam-kolder-06,creators,sam-kolder,canonical,,,blocked_by_r1_human_approval,,,,False,Selection candidate has not been researched or annotated; this row is not evidence.
creator-sam-kolder-07,creators,sam-kolder,canonical,,,blocked_by_r1_human_approval,,,,False,Selection candidate has not been researched or annotated; this row is not evidence.
creator-sam-kolder-08,creators,sam-kolder,language_variant,,,blocked_by_r1_human_approval,,,,False,Selection candidate has not been researched or annotated; this row is not evidence.
creator-sam-kolder-09,creators,sam-kolder,language_variant,,,blocked_by_r1_human_approval,,,,False,Selection candidate has not been researched or annotated; this row is not evidence.
creator-sam-kolder-10,creators,sam-kolder,instructional_failure,,,blocked_by_r1_human_approval,,,,False,Selection candidate has not been researched or annotated; this row is not evidence.
creator-dan-mace-01,creators,dan-mace,relative_highlight,,,blocked_by_r1_human_approval,,,,True,Selection candidate has not been researched or annotated; this row is not evidence.
creator-dan-mace-02,creators,dan-mace,relative_highlight,,,blocked_by_r1_human_approval,,,,False,Selection candidate has not been researched or annotated; this row is not evidence.
creator-dan-mace-03,creators,dan-mace,relative_highlight,,,blocked_by_r1_human_approval,,,,False,Selection candidate has not been researched or annotated; this row is not evidence.
creator-dan-mace-04,creators,dan-mace,relative_highlight,,,blocked_by_r1_human_approval,,,,False,Selection candidate has not been researched or annotated; this row is not evidence.
creator-dan-mace-05,creators,dan-mace,canonical,,,blocked_by_r1_human_approval,,,,False,Selection candidate has not been researched or annotated; this row is not evidence.
creator-dan-mace-06,creators,dan-mace,canonical,,,blocked_by_r1_human_approval,,,,False,Selection candidate has not been researched or annotated; this row is not evidence.
creator-dan-mace-07,creators,dan-mace,canonical,,,blocked_by_r1_human_approval,,,,False,Selection candidate has not been researched or annotated; this row is not evidence.
creator-dan-mace-08,creators,dan-mace,language_variant,,,blocked_by_r1_human_approval,,,,False,Selection candidate has not been researched or annotated; this row is not evidence.
creator-dan-mace-09,creators,dan-mace,language_variant,,,blocked_by_r1_human_approval,,,,False,Selection candidate has not been researched or annotated; this row is not evidence.
creator-dan-mace-10,creators,dan-mace,instructional_failure,,,blocked_by_r1_human_approval,,,,False,Selection candidate has not been researched or annotated; this row is not evidence.
creator-ali-abdaal-01,creators,ali-abdaal,relative_highlight,,,blocked_by_r1_human_approval,,,,True,Selection candidate has not been researched or annotated; this row is not evidence.
creator-ali-abdaal-02,creators,ali-abdaal,relative_highlight,,,blocked_by_r1_human_approval,,,,False,Selection candidate has not been researched or annotated; this row is not evidence.
creator-ali-abdaal-03,creators,ali-abdaal,relative_highlight,,,blocked_by_r1_human_approval,,,,False,Selection candidate has not been researched or annotated; this row is not evidence.
creator-ali-abdaal-04,creators,ali-abdaal,relative_highlight,,,blocked_by_r1_human_approval,,,,False,Selection candidate has not been researched or annotated; this row is not evidence.
creator-ali-abdaal-05,creators,ali-abdaal,canonical,,,blocked_by_r1_human_approval,,,,False,Selection candidate has not been researched or annotated; this row is not evidence.
creator-ali-abdaal-06,creators,ali-abdaal,canonical,,,blocked_by_r1_human_approval,,,,False,Selection candidate has not been researched or annotated; this row is not evidence.
creator-ali-abdaal-07,creators,ali-abdaal,canonical,,,blocked_by_r1_human_approval,,,,False,Selection candidate has not been researched or annotated; this row is not evidence.
creator-ali-abdaal-08,creators,ali-abdaal,language_variant,,,blocked_by_r1_human_approval,,,,False,Selection candidate has not been researched or annotated; this row is not evidence.
creator-ali-abdaal-09,creators,ali-abdaal,language_variant,,,blocked_by_r1_human_approval,,,,False,Selection candidate has not been researched or annotated; this row is not evidence.
creator-ali-abdaal-10,creators,ali-abdaal,instructional_failure,,,blocked_by_r1_human_approval,,,,False,Selection candidate has not been researched or annotated; this row is not evidence.
creator-james-jani-01,creators,james-jani,relative_highlight,,,blocked_by_r1_human_approval,,,,True,Selection candidate has not been researched or annotated; this row is not evidence.
creator-james-jani-02,creators,james-jani,relative_highlight,,,blocked_by_r1_human_approval,,,,False,Selection candidate has not been researched or annotated; this row is not evidence.
creator-james-jani-03,creators,james-jani,relative_highlight,,,blocked_by_r1_human_approval,,,,False,Selection candidate has not been researched or annotated; this row is not evidence.
creator-james-jani-04,creators,james-jani,relative_highlight,,,blocked_by_r1_human_approval,,,,False,Selection candidate has not been researched or annotated; this row is not evidence.
creator-james-jani-05,creators,james-jani,canonical,,,blocked_by_r1_human_approval,,,,False,Selection candidate has not been researched or annotated; this row is not evidence.
creator-james-jani-06,creators,james-jani,canonical,,,blocked_by_r1_human_approval,,,,False,Selection candidate has not been researched or annotated; this row is not evidence.
creator-james-jani-07,creators,james-jani,canonical,,,blocked_by_r1_human_approval,,,,False,Selection candidate has not been researched or annotated; this row is not evidence.
creator-james-jani-08,creators,james-jani,language_variant,,,blocked_by_r1_human_approval,,,,False,Selection candidate has not been researched or annotated; this row is not evidence.
creator-james-jani-09,creators,james-jani,language_variant,,,blocked_by_r1_human_approval,,,,False,Selection candidate has not been researched or annotated; this row is not evidence.
creator-james-jani-10,creators,james-jani,instructional_failure,,,blocked_by_r1_human_approval,,,,False,Selection candidate has not been researched or annotated; this row is not evidence.
creator-magnatesmedia-01,creators,magnatesmedia,relative_highlight,,,blocked_by_r1_human_approval,,,,True,Selection candidate has not been researched or annotated; this row is not evidence.
creator-magnatesmedia-02,creators,magnatesmedia,relative_highlight,,,blocked_by_r1_human_approval,,,,False,Selection candidate has not been researched or annotated; this row is not evidence.
creator-magnatesmedia-03,creators,magnatesmedia,relative_highlight,,,blocked_by_r1_human_approval,,,,False,Selection candidate has not been researched or annotated; this row is not evidence.
creator-magnatesmedia-04,creators,magnatesmedia,relative_highlight,,,blocked_by_r1_human_approval,,,,False,Selection candidate has not been researched or annotated; this row is not evidence.
creator-magnatesmedia-05,creators,magnatesmedia,canonical,,,blocked_by_r1_human_approval,,,,False,Selection candidate has not been researched or annotated; this row is not evidence.
creator-magnatesmedia-06,creators,magnatesmedia,canonical,,,blocked_by_r1_human_approval,,,,False,Selection candidate has not been researched or annotated; this row is not evidence.
creator-magnatesmedia-07,creators,magnatesmedia,canonical,,,blocked_by_r1_human_approval,,,,False,Selection candidate has not been researched or annotated; this row is not evidence.
creator-magnatesmedia-08,creators,magnatesmedia,language_variant,,,blocked_by_r1_human_approval,,,,False,Selection candidate has not been researched or annotated; this row is not evidence.
creator-magnatesmedia-09,creators,magnatesmedia,language_variant,,,blocked_by_r1_human_approval,,,,False,Selection candidate has not been researched or annotated; this row is not evidence.
creator-magnatesmedia-10,creators,magnatesmedia,instructional_failure,,,blocked_by_r1_human_approval,,,,False,Selection candidate has not been researched or annotated; this row is not evidence.
creator-fern-01,creators,fern,relative_highlight,,,blocked_by_r1_human_approval,,,,True,Selection candidate has not been researched or annotated; this row is not evidence.
creator-fern-02,creators,fern,relative_highlight,,,blocked_by_r1_human_approval,,,,False,Selection candidate has not been researched or annotated; this row is not evidence.
creator-fern-03,creators,fern,relative_highlight,,,blocked_by_r1_human_approval,,,,False,Selection candidate has not been researched or annotated; this row is not evidence.
creator-fern-04,creators,fern,relative_highlight,,,blocked_by_r1_human_approval,,,,False,Selection candidate has not been researched or annotated; this row is not evidence.
creator-fern-05,creators,fern,canonical,,,blocked_by_r1_human_approval,,,,False,Selection candidate has not been researched or annotated; this row is not evidence.
creator-fern-06,creators,fern,canonical,,,blocked_by_r1_human_approval,,,,False,Selection candidate has not been researched or annotated; this row is not evidence.
creator-fern-07,creators,fern,canonical,,,blocked_by_r1_human_approval,,,,False,Selection candidate has not been researched or annotated; this row is not evidence.
creator-fern-08,creators,fern,language_variant,,,blocked_by_r1_human_approval,,,,False,Selection candidate has not been researched or annotated; this row is not evidence.
creator-fern-09,creators,fern,language_variant,,,blocked_by_r1_human_approval,,,,False,Selection candidate has not been researched or annotated; this row is not evidence.
creator-fern-10,creators,fern,instructional_failure,,,blocked_by_r1_human_approval,,,,False,Selection candidate has not been researched or annotated; this row is not evidence.
creator-vox-01,creators,vox,relative_highlight,,,blocked_by_r1_human_approval,,,,True,Selection candidate has not been researched or annotated; this row is not evidence.
creator-vox-02,creators,vox,relative_highlight,,,blocked_by_r1_human_approval,,,,False,Selection candidate has not been researched or annotated; this row is not evidence.
creator-vox-03,creators,vox,relative_highlight,,,blocked_by_r1_human_approval,,,,False,Selection candidate has not been researched or annotated; this row is not evidence.
creator-vox-04,creators,vox,relative_highlight,,,blocked_by_r1_human_approval,,,,False,Selection candidate has not been researched or annotated; this row is not evidence.
creator-vox-05,creators,vox,canonical,,,blocked_by_r1_human_approval,,,,False,Selection candidate has not been researched or annotated; this row is not evidence.
creator-vox-06,creators,vox,canonical,,,blocked_by_r1_human_approval,,,,False,Selection candidate has not been researched or annotated; this row is not evidence.
creator-vox-07,creators,vox,canonical,,,blocked_by_r1_human_approval,,,,False,Selection candidate has not been researched or annotated; this row is not evidence.
creator-vox-08,creators,vox,language_variant,,,blocked_by_r1_human_approval,,,,False,Selection candidate has not been researched or annotated; this row is not evidence.
creator-vox-09,creators,vox,language_variant,,,blocked_by_r1_human_approval,,,,False,Selection candidate has not been researched or annotated; this row is not evidence.
creator-vox-10,creators,vox,instructional_failure,,,blocked_by_r1_human_approval,,,,False,Selection candidate has not been researched or annotated; this row is not evidence.
creator-kurzgesagt-01,creators,kurzgesagt,relative_highlight,,,blocked_by_r1_human_approval,,,,True,Selection candidate has not been researched or annotated; this row is not evidence.
creator-kurzgesagt-02,creators,kurzgesagt,relative_highlight,,,blocked_by_r1_human_approval,,,,False,Selection candidate has not been researched or annotated; this row is not evidence.
creator-kurzgesagt-03,creators,kurzgesagt,relative_highlight,,,blocked_by_r1_human_approval,,,,False,Selection candidate has not been researched or annotated; this row is not evidence.
creator-kurzgesagt-04,creators,kurzgesagt,relative_highlight,,,blocked_by_r1_human_approval,,,,False,Selection candidate has not been researched or annotated; this row is not evidence.
creator-kurzgesagt-05,creators,kurzgesagt,canonical,,,blocked_by_r1_human_approval,,,,False,Selection candidate has not been researched or annotated; this row is not evidence.
creator-kurzgesagt-06,creators,kurzgesagt,canonical,,,blocked_by_r1_human_approval,,,,False,Selection candidate has not been researched or annotated; this row is not evidence.
creator-kurzgesagt-07,creators,kurzgesagt,canonical,,,blocked_by_r1_human_approval,,,,False,Selection candidate has not been researched or annotated; this row is not evidence.
creator-kurzgesagt-08,creators,kurzgesagt,language_variant,,,blocked_by_r1_human_approval,,,,False,Selection candidate has not been researched or annotated; this row is not evidence.
creator-kurzgesagt-09,creators,kurzgesagt,language_variant,,,blocked_by_r1_human_approval,,,,False,Selection candidate has not been researched or annotated; this row is not evidence.
creator-kurzgesagt-10,creators,kurzgesagt,instructional_failure,,,blocked_by_r1_human_approval,,,,False,Selection candidate has not been researched or annotated; this row is not evidence.
creator-corridor-digital-01,creators,corridor-digital,relative_highlight,,,blocked_by_r1_human_approval,,,,True,Selection candidate has not been researched or annotated; this row is not evidence.
creator-corridor-digital-02,creators,corridor-digital,relative_highlight,,,blocked_by_r1_human_approval,,,,False,Selection candidate has not been researched or annotated; this row is not evidence.
creator-corridor-digital-03,creators,corridor-digital,relative_highlight,,,blocked_by_r1_human_approval,,,,False,Selection candidate has not been researched or annotated; this row is not evidence.
creator-corridor-digital-04,creators,corridor-digital,relative_highlight,,,blocked_by_r1_human_approval,,,,False,Selection candidate has not been researched or annotated; this row is not evidence.
creator-corridor-digital-05,creators,corridor-digital,canonical,,,blocked_by_r1_human_approval,,,,False,Selection candidate has not been researched or annotated; this row is not evidence.
creator-corridor-digital-06,creators,corridor-digital,canonical,,,blocked_by_r1_human_approval,,,,False,Selection candidate has not been researched or annotated; this row is not evidence.
creator-corridor-digital-07,creators,corridor-digital,canonical,,,blocked_by_r1_human_approval,,,,False,Selection candidate has not been researched or annotated; this row is not evidence.
creator-corridor-digital-08,creators,corridor-digital,language_variant,,,blocked_by_r1_human_approval,,,,False,Selection candidate has not been researched or annotated; this row is not evidence.
creator-corridor-digital-09,creators,corridor-digital,language_variant,,,blocked_by_r1_human_approval,,,,False,Selection candidate has not been researched or annotated; this row is not evidence.
creator-corridor-digital-10,creators,corridor-digital,instructional_failure,,,blocked_by_r1_human_approval,,,,False,Selection candidate has not been researched or annotated; this row is not evidence.
writer-jk-rowling-harry-potter-01,screenwriting,jk-rowling-harry-potter,canonical,,,blocked_by_r1_human_approval,,,,True,Selection candidate has not been researched or annotated; this row is not evidence.
writer-jk-rowling-harry-potter-02,screenwriting,jk-rowling-harry-potter,canonical,,,blocked_by_r1_human_approval,,,,False,Selection candidate has not been researched or annotated; this row is not evidence.
writer-jk-rowling-harry-potter-03,screenwriting,jk-rowling-harry-potter,canonical,,,blocked_by_r1_human_approval,,,,False,Selection candidate has not been researched or annotated; this row is not evidence.
writer-jk-rowling-harry-potter-04,screenwriting,jk-rowling-harry-potter,canonical,,,blocked_by_r1_human_approval,,,,False,Selection candidate has not been researched or annotated; this row is not evidence.
writer-jk-rowling-harry-potter-05,screenwriting,jk-rowling-harry-potter,contrast,,,blocked_by_r1_human_approval,,,,False,Selection candidate has not been researched or annotated; this row is not evidence.
writer-jk-rowling-harry-potter-06,screenwriting,jk-rowling-harry-potter,contrast,,,blocked_by_r1_human_approval,,,,False,Selection candidate has not been researched or annotated; this row is not evidence.
writer-jk-rowling-harry-potter-07,screenwriting,jk-rowling-harry-potter,contrast,,,blocked_by_r1_human_approval,,,,False,Selection candidate has not been researched or annotated; this row is not evidence.
writer-jk-rowling-harry-potter-08,screenwriting,jk-rowling-harry-potter,atypical,,,blocked_by_r1_human_approval,,,,False,Selection candidate has not been researched or annotated; this row is not evidence.
writer-jk-rowling-harry-potter-09,screenwriting,jk-rowling-harry-potter,atypical,,,blocked_by_r1_human_approval,,,,False,Selection candidate has not been researched or annotated; this row is not evidence.
writer-jk-rowling-harry-potter-10,screenwriting,jk-rowling-harry-potter,instructional_limitation,,,blocked_by_r1_human_approval,,,,False,Selection candidate has not been researched or annotated; this row is not evidence.
writer-duffer-brothers-01,screenwriting,duffer-brothers,canonical,,,blocked_by_r1_human_approval,,,,True,Selection candidate has not been researched or annotated; this row is not evidence.
writer-duffer-brothers-02,screenwriting,duffer-brothers,canonical,,,blocked_by_r1_human_approval,,,,False,Selection candidate has not been researched or annotated; this row is not evidence.
writer-duffer-brothers-03,screenwriting,duffer-brothers,canonical,,,blocked_by_r1_human_approval,,,,False,Selection candidate has not been researched or annotated; this row is not evidence.
writer-duffer-brothers-04,screenwriting,duffer-brothers,canonical,,,blocked_by_r1_human_approval,,,,False,Selection candidate has not been researched or annotated; this row is not evidence.
writer-duffer-brothers-05,screenwriting,duffer-brothers,contrast,,,blocked_by_r1_human_approval,,,,False,Selection candidate has not been researched or annotated; this row is not evidence.
writer-duffer-brothers-06,screenwriting,duffer-brothers,contrast,,,blocked_by_r1_human_approval,,,,False,Selection candidate has not been researched or annotated; this row is not evidence.
writer-duffer-brothers-07,screenwriting,duffer-brothers,contrast,,,blocked_by_r1_human_approval,,,,False,Selection candidate has not been researched or annotated; this row is not evidence.
writer-duffer-brothers-08,screenwriting,duffer-brothers,atypical,,,blocked_by_r1_human_approval,,,,False,Selection candidate has not been researched or annotated; this row is not evidence.
writer-duffer-brothers-09,screenwriting,duffer-brothers,atypical,,,blocked_by_r1_human_approval,,,,False,Selection candidate has not been researched or annotated; this row is not evidence.
writer-duffer-brothers-10,screenwriting,duffer-brothers,instructional_limitation,,,blocked_by_r1_human_approval,,,,False,Selection candidate has not been researched or annotated; this row is not evidence.
writer-vince-gilligan-peter-gould-01,screenwriting,vince-gilligan-peter-gould,canonical,,,blocked_by_r1_human_approval,,,,True,Selection candidate has not been researched or annotated; this row is not evidence.
writer-vince-gilligan-peter-gould-02,screenwriting,vince-gilligan-peter-gould,canonical,,,blocked_by_r1_human_approval,,,,False,Selection candidate has not been researched or annotated; this row is not evidence.
writer-vince-gilligan-peter-gould-03,screenwriting,vince-gilligan-peter-gould,canonical,,,blocked_by_r1_human_approval,,,,False,Selection candidate has not been researched or annotated; this row is not evidence.
writer-vince-gilligan-peter-gould-04,screenwriting,vince-gilligan-peter-gould,canonical,,,blocked_by_r1_human_approval,,,,False,Selection candidate has not been researched or annotated; this row is not evidence.
writer-vince-gilligan-peter-gould-05,screenwriting,vince-gilligan-peter-gould,contrast,,,blocked_by_r1_human_approval,,,,False,Selection candidate has not been researched or annotated; this row is not evidence.
writer-vince-gilligan-peter-gould-06,screenwriting,vince-gilligan-peter-gould,contrast,,,blocked_by_r1_human_approval,,,,False,Selection candidate has not been researched or annotated; this row is not evidence.
writer-vince-gilligan-peter-gould-07,screenwriting,vince-gilligan-peter-gould,contrast,,,blocked_by_r1_human_approval,,,,False,Selection candidate has not been researched or annotated; this row is not evidence.
writer-vince-gilligan-peter-gould-08,screenwriting,vince-gilligan-peter-gould,atypical,,,blocked_by_r1_human_approval,,,,False,Selection candidate has not been researched or annotated; this row is not evidence.
writer-vince-gilligan-peter-gould-09,screenwriting,vince-gilligan-peter-gould,atypical,,,blocked_by_r1_human_approval,,,,False,Selection candidate has not been researched or annotated; this row is not evidence.
writer-vince-gilligan-peter-gould-10,screenwriting,vince-gilligan-peter-gould,instructional_limitation,,,blocked_by_r1_human_approval,,,,False,Selection candidate has not been researched or annotated; this row is not evidence.
writer-phoebe-waller-bridge-01,screenwriting,phoebe-waller-bridge,canonical,,,blocked_by_r1_human_approval,,,,True,Selection candidate has not been researched or annotated; this row is not evidence.
writer-phoebe-waller-bridge-02,screenwriting,phoebe-waller-bridge,canonical,,,blocked_by_r1_human_approval,,,,False,Selection candidate has not been researched or annotated; this row is not evidence.
writer-phoebe-waller-bridge-03,screenwriting,phoebe-waller-bridge,canonical,,,blocked_by_r1_human_approval,,,,False,Selection candidate has not been researched or annotated; this row is not evidence.
writer-phoebe-waller-bridge-04,screenwriting,phoebe-waller-bridge,canonical,,,blocked_by_r1_human_approval,,,,False,Selection candidate has not been researched or annotated; this row is not evidence.
writer-phoebe-waller-bridge-05,screenwriting,phoebe-waller-bridge,contrast,,,blocked_by_r1_human_approval,,,,False,Selection candidate has not been researched or annotated; this row is not evidence.
writer-phoebe-waller-bridge-06,screenwriting,phoebe-waller-bridge,contrast,,,blocked_by_r1_human_approval,,,,False,Selection candidate has not been researched or annotated; this row is not evidence.
writer-phoebe-waller-bridge-07,screenwriting,phoebe-waller-bridge,contrast,,,blocked_by_r1_human_approval,,,,False,Selection candidate has not been researched or annotated; this row is not evidence.
writer-phoebe-waller-bridge-08,screenwriting,phoebe-waller-bridge,atypical,,,blocked_by_r1_human_approval,,,,False,Selection candidate has not been researched or annotated; this row is not evidence.
writer-phoebe-waller-bridge-09,screenwriting,phoebe-waller-bridge,atypical,,,blocked_by_r1_human_approval,,,,False,Selection candidate has not been researched or annotated; this row is not evidence.
writer-phoebe-waller-bridge-10,screenwriting,phoebe-waller-bridge,instructional_limitation,,,blocked_by_r1_human_approval,,,,False,Selection candidate has not been researched or annotated; this row is not evidence.
writer-aaron-sorkin-01,screenwriting,aaron-sorkin,canonical,,,blocked_by_r1_human_approval,,,,True,Selection candidate has not been researched or annotated; this row is not evidence.
writer-aaron-sorkin-02,screenwriting,aaron-sorkin,canonical,,,blocked_by_r1_human_approval,,,,False,Selection candidate has not been researched or annotated; this row is not evidence.
writer-aaron-sorkin-03,screenwriting,aaron-sorkin,canonical,,,blocked_by_r1_human_approval,,,,False,Selection candidate has not been researched or annotated; this row is not evidence.
writer-aaron-sorkin-04,screenwriting,aaron-sorkin,canonical,,,blocked_by_r1_human_approval,,,,False,Selection candidate has not been researched or annotated; this row is not evidence.
writer-aaron-sorkin-05,screenwriting,aaron-sorkin,contrast,,,blocked_by_r1_human_approval,,,,False,Selection candidate has not been researched or annotated; this row is not evidence.
writer-aaron-sorkin-06,screenwriting,aaron-sorkin,contrast,,,blocked_by_r1_human_approval,,,,False,Selection candidate has not been researched or annotated; this row is not evidence.
writer-aaron-sorkin-07,screenwriting,aaron-sorkin,contrast,,,blocked_by_r1_human_approval,,,,False,Selection candidate has not been researched or annotated; this row is not evidence.
writer-aaron-sorkin-08,screenwriting,aaron-sorkin,atypical,,,blocked_by_r1_human_approval,,,,False,Selection candidate has not been researched or annotated; this row is not evidence.
writer-aaron-sorkin-09,screenwriting,aaron-sorkin,atypical,,,blocked_by_r1_human_approval,,,,False,Selection candidate has not been researched or annotated; this row is not evidence.
writer-aaron-sorkin-10,screenwriting,aaron-sorkin,instructional_limitation,,,blocked_by_r1_human_approval,,,,False,Selection candidate has not been researched or annotated; this row is not evidence.
writer-charlie-kaufman-01,screenwriting,charlie-kaufman,canonical,,,blocked_by_r1_human_approval,,,,True,Selection candidate has not been researched or annotated; this row is not evidence.
writer-charlie-kaufman-02,screenwriting,charlie-kaufman,canonical,,,blocked_by_r1_human_approval,,,,False,Selection candidate has not been researched or annotated; this row is not evidence.
writer-charlie-kaufman-03,screenwriting,charlie-kaufman,canonical,,,blocked_by_r1_human_approval,,,,False,Selection candidate has not been researched or annotated; this row is not evidence.
writer-charlie-kaufman-04,screenwriting,charlie-kaufman,canonical,,,blocked_by_r1_human_approval,,,,False,Selection candidate has not been researched or annotated; this row is not evidence.
writer-charlie-kaufman-05,screenwriting,charlie-kaufman,contrast,,,blocked_by_r1_human_approval,,,,False,Selection candidate has not been researched or annotated; this row is not evidence.
writer-charlie-kaufman-06,screenwriting,charlie-kaufman,contrast,,,blocked_by_r1_human_approval,,,,False,Selection candidate has not been researched or annotated; this row is not evidence.
writer-charlie-kaufman-07,screenwriting,charlie-kaufman,contrast,,,blocked_by_r1_human_approval,,,,False,Selection candidate has not been researched or annotated; this row is not evidence.
writer-charlie-kaufman-08,screenwriting,charlie-kaufman,atypical,,,blocked_by_r1_human_approval,,,,False,Selection candidate has not been researched or annotated; this row is not evidence.
writer-charlie-kaufman-09,screenwriting,charlie-kaufman,atypical,,,blocked_by_r1_human_approval,,,,False,Selection candidate has not been researched or annotated; this row is not evidence.
writer-charlie-kaufman-10,screenwriting,charlie-kaufman,instructional_limitation,,,blocked_by_r1_human_approval,,,,False,Selection candidate has not been researched or annotated; this row is not evidence.
writer-tony-gilroy-01,screenwriting,tony-gilroy,canonical,,,blocked_by_r1_human_approval,,,,True,Selection candidate has not been researched or annotated; this row is not evidence.
writer-tony-gilroy-02,screenwriting,tony-gilroy,canonical,,,blocked_by_r1_human_approval,,,,False,Selection candidate has not been researched or annotated; this row is not evidence.
writer-tony-gilroy-03,screenwriting,tony-gilroy,canonical,,,blocked_by_r1_human_approval,,,,False,Selection candidate has not been researched or annotated; this row is not evidence.
writer-tony-gilroy-04,screenwriting,tony-gilroy,canonical,,,blocked_by_r1_human_approval,,,,False,Selection candidate has not been researched or annotated; this row is not evidence.
writer-tony-gilroy-05,screenwriting,tony-gilroy,contrast,,,blocked_by_r1_human_approval,,,,False,Selection candidate has not been researched or annotated; this row is not evidence.
writer-tony-gilroy-06,screenwriting,tony-gilroy,contrast,,,blocked_by_r1_human_approval,,,,False,Selection candidate has not been researched or annotated; this row is not evidence.
writer-tony-gilroy-07,screenwriting,tony-gilroy,contrast,,,blocked_by_r1_human_approval,,,,False,Selection candidate has not been researched or annotated; this row is not evidence.
writer-tony-gilroy-08,screenwriting,tony-gilroy,atypical,,,blocked_by_r1_human_approval,,,,False,Selection candidate has not been researched or annotated; this row is not evidence.
writer-tony-gilroy-09,screenwriting,tony-gilroy,atypical,,,blocked_by_r1_human_approval,,,,False,Selection candidate has not been researched or annotated; this row is not evidence.
writer-tony-gilroy-10,screenwriting,tony-gilroy,instructional_limitation,,,blocked_by_r1_human_approval,,,,False,Selection candidate has not been researched or annotated; this row is not evidence.
writer-jordan-peele-01,screenwriting,jordan-peele,canonical,,,blocked_by_r1_human_approval,,,,True,Selection candidate has not been researched or annotated; this row is not evidence.
writer-jordan-peele-02,screenwriting,jordan-peele,canonical,,,blocked_by_r1_human_approval,,,,False,Selection candidate has not been researched or annotated; this row is not evidence.
writer-jordan-peele-03,screenwriting,jordan-peele,canonical,,,blocked_by_r1_human_approval,,,,False,Selection candidate has not been researched or annotated; this row is not evidence.
writer-jordan-peele-04,screenwriting,jordan-peele,canonical,,,blocked_by_r1_human_approval,,,,False,Selection candidate has not been researched or annotated; this row is not evidence.
writer-jordan-peele-05,screenwriting,jordan-peele,contrast,,,blocked_by_r1_human_approval,,,,False,Selection candidate has not been researched or annotated; this row is not evidence.
writer-jordan-peele-06,screenwriting,jordan-peele,contrast,,,blocked_by_r1_human_approval,,,,False,Selection candidate has not been researched or annotated; this row is not evidence.
writer-jordan-peele-07,screenwriting,jordan-peele,contrast,,,blocked_by_r1_human_approval,,,,False,Selection candidate has not been researched or annotated; this row is not evidence.
writer-jordan-peele-08,screenwriting,jordan-peele,atypical,,,blocked_by_r1_human_approval,,,,False,Selection candidate has not been researched or annotated; this row is not evidence.
writer-jordan-peele-09,screenwriting,jordan-peele,atypical,,,blocked_by_r1_human_approval,,,,False,Selection candidate has not been researched or annotated; this row is not evidence.
writer-jordan-peele-10,screenwriting,jordan-peele,instructional_limitation,,,blocked_by_r1_human_approval,,,,False,Selection candidate has not been researched or annotated; this row is not evidence.
writer-greta-gerwig-01,screenwriting,greta-gerwig,canonical,,,blocked_by_r1_human_approval,,,,True,Selection candidate has not been researched or annotated; this row is not evidence.
writer-greta-gerwig-02,screenwriting,greta-gerwig,canonical,,,blocked_by_r1_human_approval,,,,False,Selection candidate has not been researched or annotated; this row is not evidence.
writer-greta-gerwig-03,screenwriting,greta-gerwig,canonical,,,blocked_by_r1_human_approval,,,,False,Selection candidate has not been researched or annotated; this row is not evidence.
writer-greta-gerwig-04,screenwriting,greta-gerwig,canonical,,,blocked_by_r1_human_approval,,,,False,Selection candidate has not been researched or annotated; this row is not evidence.
writer-greta-gerwig-05,screenwriting,greta-gerwig,contrast,,,blocked_by_r1_human_approval,,,,False,Selection candidate has not been researched or annotated; this row is not evidence.
writer-greta-gerwig-06,screenwriting,greta-gerwig,contrast,,,blocked_by_r1_human_approval,,,,False,Selection candidate has not been researched or annotated; this row is not evidence.
writer-greta-gerwig-07,screenwriting,greta-gerwig,contrast,,,blocked_by_r1_human_approval,,,,False,Selection candidate has not been researched or annotated; this row is not evidence.
writer-greta-gerwig-08,screenwriting,greta-gerwig,atypical,,,blocked_by_r1_human_approval,,,,False,Selection candidate has not been researched or annotated; this row is not evidence.
writer-greta-gerwig-09,screenwriting,greta-gerwig,atypical,,,blocked_by_r1_human_approval,,,,False,Selection candidate has not been researched or annotated; this row is not evidence.
writer-greta-gerwig-10,screenwriting,greta-gerwig,instructional_limitation,,,blocked_by_r1_human_approval,,,,False,Selection candidate has not been researched or annotated; this row is not evidence.
writer-hayao-miyazaki-01,screenwriting,hayao-miyazaki,canonical,,,blocked_by_r1_human_approval,,,,True,Selection candidate has not been researched or annotated; this row is not evidence.
writer-hayao-miyazaki-02,screenwriting,hayao-miyazaki,canonical,,,blocked_by_r1_human_approval,,,,False,Selection candidate has not been researched or annotated; this row is not evidence.
writer-hayao-miyazaki-03,screenwriting,hayao-miyazaki,canonical,,,blocked_by_r1_human_approval,,,,False,Selection candidate has not been researched or annotated; this row is not evidence.
writer-hayao-miyazaki-04,screenwriting,hayao-miyazaki,canonical,,,blocked_by_r1_human_approval,,,,False,Selection candidate has not been researched or annotated; this row is not evidence.
writer-hayao-miyazaki-05,screenwriting,hayao-miyazaki,contrast,,,blocked_by_r1_human_approval,,,,False,Selection candidate has not been researched or annotated; this row is not evidence.
writer-hayao-miyazaki-06,screenwriting,hayao-miyazaki,contrast,,,blocked_by_r1_human_approval,,,,False,Selection candidate has not been researched or annotated; this row is not evidence.
writer-hayao-miyazaki-07,screenwriting,hayao-miyazaki,contrast,,,blocked_by_r1_human_approval,,,,False,Selection candidate has not been researched or annotated; this row is not evidence.
writer-hayao-miyazaki-08,screenwriting,hayao-miyazaki,atypical,,,blocked_by_r1_human_approval,,,,False,Selection candidate has not been researched or annotated; this row is not evidence.
writer-hayao-miyazaki-09,screenwriting,hayao-miyazaki,atypical,,,blocked_by_r1_human_approval,,,,False,Selection candidate has not been researched or annotated; this row is not evidence.
writer-hayao-miyazaki-10,screenwriting,hayao-miyazaki,instructional_limitation,,,blocked_by_r1_human_approval,,,,False,Selection candidate has not been researched or annotated; this row is not evidence.
writer-billy-wilder-ia-diamond-01,screenwriting,billy-wilder-ia-diamond,canonical,,,blocked_by_r1_human_approval,,,,True,Selection candidate has not been researched or annotated; this row is not evidence.
writer-billy-wilder-ia-diamond-02,screenwriting,billy-wilder-ia-diamond,canonical,,,blocked_by_r1_human_approval,,,,False,Selection candidate has not been researched or annotated; this row is not evidence.
writer-billy-wilder-ia-diamond-03,screenwriting,billy-wilder-ia-diamond,canonical,,,blocked_by_r1_human_approval,,,,False,Selection candidate has not been researched or annotated; this row is not evidence.
writer-billy-wilder-ia-diamond-04,screenwriting,billy-wilder-ia-diamond,canonical,,,blocked_by_r1_human_approval,,,,False,Selection candidate has not been researched or annotated; this row is not evidence.
writer-billy-wilder-ia-diamond-05,screenwriting,billy-wilder-ia-diamond,contrast,,,blocked_by_r1_human_approval,,,,False,Selection candidate has not been researched or annotated; this row is not evidence.
writer-billy-wilder-ia-diamond-06,screenwriting,billy-wilder-ia-diamond,contrast,,,blocked_by_r1_human_approval,,,,False,Selection candidate has not been researched or annotated; this row is not evidence.
writer-billy-wilder-ia-diamond-07,screenwriting,billy-wilder-ia-diamond,contrast,,,blocked_by_r1_human_approval,,,,False,Selection candidate has not been researched or annotated; this row is not evidence.
writer-billy-wilder-ia-diamond-08,screenwriting,billy-wilder-ia-diamond,atypical,,,blocked_by_r1_human_approval,,,,False,Selection candidate has not been researched or annotated; this row is not evidence.
writer-billy-wilder-ia-diamond-09,screenwriting,billy-wilder-ia-diamond,atypical,,,blocked_by_r1_human_approval,,,,False,Selection candidate has not been researched or annotated; this row is not evidence.
writer-billy-wilder-ia-diamond-10,screenwriting,billy-wilder-ia-diamond,instructional_limitation,,,blocked_by_r1_human_approval,,,,False,Selection candidate has not been researched or annotated; this row is not evidence.
writer-akira-kurosawa-shinobu-hashimoto-01,screenwriting,akira-kurosawa-shinobu-hashimoto,canonical,,,blocked_by_r1_human_approval,,,,True,Selection candidate has not been researched or annotated; this row is not evidence.
writer-akira-kurosawa-shinobu-hashimoto-02,screenwriting,akira-kurosawa-shinobu-hashimoto,canonical,,,blocked_by_r1_human_approval,,,,False,Selection candidate has not been researched or annotated; this row is not evidence.
writer-akira-kurosawa-shinobu-hashimoto-03,screenwriting,akira-kurosawa-shinobu-hashimoto,canonical,,,blocked_by_r1_human_approval,,,,False,Selection candidate has not been researched or annotated; this row is not evidence.
writer-akira-kurosawa-shinobu-hashimoto-04,screenwriting,akira-kurosawa-shinobu-hashimoto,canonical,,,blocked_by_r1_human_approval,,,,False,Selection candidate has not been researched or annotated; this row is not evidence.
writer-akira-kurosawa-shinobu-hashimoto-05,screenwriting,akira-kurosawa-shinobu-hashimoto,contrast,,,blocked_by_r1_human_approval,,,,False,Selection candidate has not been researched or annotated; this row is not evidence.
writer-akira-kurosawa-shinobu-hashimoto-06,screenwriting,akira-kurosawa-shinobu-hashimoto,contrast,,,blocked_by_r1_human_approval,,,,False,Selection candidate has not been researched or annotated; this row is not evidence.
writer-akira-kurosawa-shinobu-hashimoto-07,screenwriting,akira-kurosawa-shinobu-hashimoto,contrast,,,blocked_by_r1_human_approval,,,,False,Selection candidate has not been researched or annotated; this row is not evidence.
writer-akira-kurosawa-shinobu-hashimoto-08,screenwriting,akira-kurosawa-shinobu-hashimoto,atypical,,,blocked_by_r1_human_approval,,,,False,Selection candidate has not been researched or annotated; this row is not evidence.
writer-akira-kurosawa-shinobu-hashimoto-09,screenwriting,akira-kurosawa-shinobu-hashimoto,atypical,,,blocked_by_r1_human_approval,,,,False,Selection candidate has not been researched or annotated; this row is not evidence.
writer-akira-kurosawa-shinobu-hashimoto-10,screenwriting,akira-kurosawa-shinobu-hashimoto,instructional_limitation,,,blocked_by_r1_human_approval,,,,False,Selection candidate has not been researched or annotated; this row is not evidence.
writer-nora-ephron-01,screenwriting,nora-ephron,canonical,,,blocked_by_r1_human_approval,,,,True,Selection candidate has not been researched or annotated; this row is not evidence.
writer-nora-ephron-02,screenwriting,nora-ephron,canonical,,,blocked_by_r1_human_approval,,,,False,Selection candidate has not been researched or annotated; this row is not evidence.
writer-nora-ephron-03,screenwriting,nora-ephron,canonical,,,blocked_by_r1_human_approval,,,,False,Selection candidate has not been researched or annotated; this row is not evidence.
writer-nora-ephron-04,screenwriting,nora-ephron,canonical,,,blocked_by_r1_human_approval,,,,False,Selection candidate has not been researched or annotated; this row is not evidence.
writer-nora-ephron-05,screenwriting,nora-ephron,contrast,,,blocked_by_r1_human_approval,,,,False,Selection candidate has not been researched or annotated; this row is not evidence.
writer-nora-ephron-06,screenwriting,nora-ephron,contrast,,,blocked_by_r1_human_approval,,,,False,Selection candidate has not been researched or annotated; this row is not evidence.
writer-nora-ephron-07,screenwriting,nora-ephron,contrast,,,blocked_by_r1_human_approval,,,,False,Selection candidate has not been researched or annotated; this row is not evidence.
writer-nora-ephron-08,screenwriting,nora-ephron,atypical,,,blocked_by_r1_human_approval,,,,False,Selection candidate has not been researched or annotated; this row is not evidence.
writer-nora-ephron-09,screenwriting,nora-ephron,atypical,,,blocked_by_r1_human_approval,,,,False,Selection candidate has not been researched or annotated; this row is not evidence.
writer-nora-ephron-10,screenwriting,nora-ephron,instructional_limitation,,,blocked_by_r1_human_approval,,,,False,Selection candidate has not been researched or annotated; this row is not evidence.
writer-paddy-chayefsky-01,screenwriting,paddy-chayefsky,canonical,,,blocked_by_r1_human_approval,,,,True,Selection candidate has not been researched or annotated; this row is not evidence.
writer-paddy-chayefsky-02,screenwriting,paddy-chayefsky,canonical,,,blocked_by_r1_human_approval,,,,False,Selection candidate has not been researched or annotated; this row is not evidence.
writer-paddy-chayefsky-03,screenwriting,paddy-chayefsky,canonical,,,blocked_by_r1_human_approval,,,,False,Selection candidate has not been researched or annotated; this row is not evidence.
writer-paddy-chayefsky-04,screenwriting,paddy-chayefsky,canonical,,,blocked_by_r1_human_approval,,,,False,Selection candidate has not been researched or annotated; this row is not evidence.
writer-paddy-chayefsky-05,screenwriting,paddy-chayefsky,contrast,,,blocked_by_r1_human_approval,,,,False,Selection candidate has not been researched or annotated; this row is not evidence.
writer-paddy-chayefsky-06,screenwriting,paddy-chayefsky,contrast,,,blocked_by_r1_human_approval,,,,False,Selection candidate has not been researched or annotated; this row is not evidence.
writer-paddy-chayefsky-07,screenwriting,paddy-chayefsky,contrast,,,blocked_by_r1_human_approval,,,,False,Selection candidate has not been researched or annotated; this row is not evidence.
writer-paddy-chayefsky-08,screenwriting,paddy-chayefsky,atypical,,,blocked_by_r1_human_approval,,,,False,Selection candidate has not been researched or annotated; this row is not evidence.
writer-paddy-chayefsky-09,screenwriting,paddy-chayefsky,atypical,,,blocked_by_r1_human_approval,,,,False,Selection candidate has not been researched or annotated; this row is not evidence.
writer-paddy-chayefsky-10,screenwriting,paddy-chayefsky,instructional_limitation,,,blocked_by_r1_human_approval,,,,False,Selection candidate has not been researched or annotated; this row is not evidence.
writer-william-goldman-01,screenwriting,william-goldman,canonical,,,blocked_by_r1_human_approval,,,,True,Selection candidate has not been researched or annotated; this row is not evidence.
writer-william-goldman-02,screenwriting,william-goldman,canonical,,,blocked_by_r1_human_approval,,,,False,Selection candidate has not been researched or annotated; this row is not evidence.
writer-william-goldman-03,screenwriting,william-goldman,canonical,,,blocked_by_r1_human_approval,,,,False,Selection candidate has not been researched or annotated; this row is not evidence.
writer-william-goldman-04,screenwriting,william-goldman,canonical,,,blocked_by_r1_human_approval,,,,False,Selection candidate has not been researched or annotated; this row is not evidence.
writer-william-goldman-05,screenwriting,william-goldman,contrast,,,blocked_by_r1_human_approval,,,,False,Selection candidate has not been researched or annotated; this row is not evidence.
writer-william-goldman-06,screenwriting,william-goldman,contrast,,,blocked_by_r1_human_approval,,,,False,Selection candidate has not been researched or annotated; this row is not evidence.
writer-william-goldman-07,screenwriting,william-goldman,contrast,,,blocked_by_r1_human_approval,,,,False,Selection candidate has not been researched or annotated; this row is not evidence.
writer-william-goldman-08,screenwriting,william-goldman,atypical,,,blocked_by_r1_human_approval,,,,False,Selection candidate has not been researched or annotated; this row is not evidence.
writer-william-goldman-09,screenwriting,william-goldman,atypical,,,blocked_by_r1_human_approval,,,,False,Selection candidate has not been researched or annotated; this row is not evidence.
writer-william-goldman-10,screenwriting,william-goldman,instructional_limitation,,,blocked_by_r1_human_approval,,,,False,Selection candidate has not been researched or annotated; this row is not evidence.
writer-paul-schrader-01,screenwriting,paul-schrader,canonical,,,blocked_by_r1_human_approval,,,,True,Selection candidate has not been researched or annotated; this row is not evidence.
writer-paul-schrader-02,screenwriting,paul-schrader,canonical,,,blocked_by_r1_human_approval,,,,False,Selection candidate has not been researched or annotated; this row is not evidence.
writer-paul-schrader-03,screenwriting,paul-schrader,canonical,,,blocked_by_r1_human_approval,,,,False,Selection candidate has not been researched or annotated; this row is not evidence.
writer-paul-schrader-04,screenwriting,paul-schrader,canonical,,,blocked_by_r1_human_approval,,,,False,Selection candidate has not been researched or annotated; this row is not evidence.
writer-paul-schrader-05,screenwriting,paul-schrader,contrast,,,blocked_by_r1_human_approval,,,,False,Selection candidate has not been researched or annotated; this row is not evidence.
writer-paul-schrader-06,screenwriting,paul-schrader,contrast,,,blocked_by_r1_human_approval,,,,False,Selection candidate has not been researched or annotated; this row is not evidence.
writer-paul-schrader-07,screenwriting,paul-schrader,contrast,,,blocked_by_r1_human_approval,,,,False,Selection candidate has not been researched or annotated; this row is not evidence.
writer-paul-schrader-08,screenwriting,paul-schrader,atypical,,,blocked_by_r1_human_approval,,,,False,Selection candidate has not been researched or annotated; this row is not evidence.
writer-paul-schrader-09,screenwriting,paul-schrader,atypical,,,blocked_by_r1_human_approval,,,,False,Selection candidate has not been researched or annotated; this row is not evidence.
writer-paul-schrader-10,screenwriting,paul-schrader,instructional_limitation,,,blocked_by_r1_human_approval,,,,False,Selection candidate has not been researched or annotated; this row is not evidence.
writer-spike-lee-01,screenwriting,spike-lee,canonical,,,blocked_by_r1_human_approval,,,,True,Selection candidate has not been researched or annotated; this row is not evidence.
writer-spike-lee-02,screenwriting,spike-lee,canonical,,,blocked_by_r1_human_approval,,,,False,Selection candidate has not been researched or annotated; this row is not evidence.
writer-spike-lee-03,screenwriting,spike-lee,canonical,,,blocked_by_r1_human_approval,,,,False,Selection candidate has not been researched or annotated; this row is not evidence.
writer-spike-lee-04,screenwriting,spike-lee,canonical,,,blocked_by_r1_human_approval,,,,False,Selection candidate has not been researched or annotated; this row is not evidence.
writer-spike-lee-05,screenwriting,spike-lee,contrast,,,blocked_by_r1_human_approval,,,,False,Selection candidate has not been researched or annotated; this row is not evidence.
writer-spike-lee-06,screenwriting,spike-lee,contrast,,,blocked_by_r1_human_approval,,,,False,Selection candidate has not been researched or annotated; this row is not evidence.
writer-spike-lee-07,screenwriting,spike-lee,contrast,,,blocked_by_r1_human_approval,,,,False,Selection candidate has not been researched or annotated; this row is not evidence.
writer-spike-lee-08,screenwriting,spike-lee,atypical,,,blocked_by_r1_human_approval,,,,False,Selection candidate has not been researched or annotated; this row is not evidence.
writer-spike-lee-09,screenwriting,spike-lee,atypical,,,blocked_by_r1_human_approval,,,,False,Selection candidate has not been researched or annotated; this row is not evidence.
writer-spike-lee-10,screenwriting,spike-lee,instructional_limitation,,,blocked_by_r1_human_approval,,,,False,Selection candidate has not been researched or annotated; this row is not evidence.
writer-bong-joon-ho-han-jin-won-01,screenwriting,bong-joon-ho-han-jin-won,canonical,,,blocked_by_r1_human_approval,,,,True,Selection candidate has not been researched or annotated; this row is not evidence.
writer-bong-joon-ho-han-jin-won-02,screenwriting,bong-joon-ho-han-jin-won,canonical,,,blocked_by_r1_human_approval,,,,False,Selection candidate has not been researched or annotated; this row is not evidence.
writer-bong-joon-ho-han-jin-won-03,screenwriting,bong-joon-ho-han-jin-won,canonical,,,blocked_by_r1_human_approval,,,,False,Selection candidate has not been researched or annotated; this row is not evidence.
writer-bong-joon-ho-han-jin-won-04,screenwriting,bong-joon-ho-han-jin-won,canonical,,,blocked_by_r1_human_approval,,,,False,Selection candidate has not been researched or annotated; this row is not evidence.
writer-bong-joon-ho-han-jin-won-05,screenwriting,bong-joon-ho-han-jin-won,contrast,,,blocked_by_r1_human_approval,,,,False,Selection candidate has not been researched or annotated; this row is not evidence.
writer-bong-joon-ho-han-jin-won-06,screenwriting,bong-joon-ho-han-jin-won,contrast,,,blocked_by_r1_human_approval,,,,False,Selection candidate has not been researched or annotated; this row is not evidence.
writer-bong-joon-ho-han-jin-won-07,screenwriting,bong-joon-ho-han-jin-won,contrast,,,blocked_by_r1_human_approval,,,,False,Selection candidate has not been researched or annotated; this row is not evidence.
writer-bong-joon-ho-han-jin-won-08,screenwriting,bong-joon-ho-han-jin-won,atypical,,,blocked_by_r1_human_approval,,,,False,Selection candidate has not been researched or annotated; this row is not evidence.
writer-bong-joon-ho-han-jin-won-09,screenwriting,bong-joon-ho-han-jin-won,atypical,,,blocked_by_r1_human_approval,,,,False,Selection candidate has not been researched or annotated; this row is not evidence.
writer-bong-joon-ho-han-jin-won-10,screenwriting,bong-joon-ho-han-jin-won,instructional_limitation,,,blocked_by_r1_human_approval,,,,False,Selection candidate has not been researched or annotated; this row is not evidence.
writer-celine-sciamma-01,screenwriting,celine-sciamma,canonical,,,blocked_by_r1_human_approval,,,,True,Selection candidate has not been researched or annotated; this row is not evidence.
writer-celine-sciamma-02,screenwriting,celine-sciamma,canonical,,,blocked_by_r1_human_approval,,,,False,Selection candidate has not been researched or annotated; this row is not evidence.
writer-celine-sciamma-03,screenwriting,celine-sciamma,canonical,,,blocked_by_r1_human_approval,,,,False,Selection candidate has not been researched or annotated; this row is not evidence.
writer-celine-sciamma-04,screenwriting,celine-sciamma,canonical,,,blocked_by_r1_human_approval,,,,False,Selection candidate has not been researched or annotated; this row is not evidence.
writer-celine-sciamma-05,screenwriting,celine-sciamma,contrast,,,blocked_by_r1_human_approval,,,,False,Selection candidate has not been researched or annotated; this row is not evidence.
writer-celine-sciamma-06,screenwriting,celine-sciamma,contrast,,,blocked_by_r1_human_approval,,,,False,Selection candidate has not been researched or annotated; this row is not evidence.
writer-celine-sciamma-07,screenwriting,celine-sciamma,contrast,,,blocked_by_r1_human_approval,,,,False,Selection candidate has not been researched or annotated; this row is not evidence.
writer-celine-sciamma-08,screenwriting,celine-sciamma,atypical,,,blocked_by_r1_human_approval,,,,False,Selection candidate has not been researched or annotated; this row is not evidence.
writer-celine-sciamma-09,screenwriting,celine-sciamma,atypical,,,blocked_by_r1_human_approval,,,,False,Selection candidate has not been researched or annotated; this row is not evidence.
writer-celine-sciamma-10,screenwriting,celine-sciamma,instructional_limitation,,,blocked_by_r1_human_approval,,,,False,Selection candidate has not been researched or annotated; this row is not evidence.
writer-park-chan-wook-jeong-seo-kyeong-01,screenwriting,park-chan-wook-jeong-seo-kyeong,canonical,,,blocked_by_r1_human_approval,,,,True,Selection candidate has not been researched or annotated; this row is not evidence.
writer-park-chan-wook-jeong-seo-kyeong-02,screenwriting,park-chan-wook-jeong-seo-kyeong,canonical,,,blocked_by_r1_human_approval,,,,False,Selection candidate has not been researched or annotated; this row is not evidence.
writer-park-chan-wook-jeong-seo-kyeong-03,screenwriting,park-chan-wook-jeong-seo-kyeong,canonical,,,blocked_by_r1_human_approval,,,,False,Selection candidate has not been researched or annotated; this row is not evidence.
writer-park-chan-wook-jeong-seo-kyeong-04,screenwriting,park-chan-wook-jeong-seo-kyeong,canonical,,,blocked_by_r1_human_approval,,,,False,Selection candidate has not been researched or annotated; this row is not evidence.
writer-park-chan-wook-jeong-seo-kyeong-05,screenwriting,park-chan-wook-jeong-seo-kyeong,contrast,,,blocked_by_r1_human_approval,,,,False,Selection candidate has not been researched or annotated; this row is not evidence.
writer-park-chan-wook-jeong-seo-kyeong-06,screenwriting,park-chan-wook-jeong-seo-kyeong,contrast,,,blocked_by_r1_human_approval,,,,False,Selection candidate has not been researched or annotated; this row is not evidence.
writer-park-chan-wook-jeong-seo-kyeong-07,screenwriting,park-chan-wook-jeong-seo-kyeong,contrast,,,blocked_by_r1_human_approval,,,,False,Selection candidate has not been researched or annotated; this row is not evidence.
writer-park-chan-wook-jeong-seo-kyeong-08,screenwriting,park-chan-wook-jeong-seo-kyeong,atypical,,,blocked_by_r1_human_approval,,,,False,Selection candidate has not been researched or annotated; this row is not evidence.
writer-park-chan-wook-jeong-seo-kyeong-09,screenwriting,park-chan-wook-jeong-seo-kyeong,atypical,,,blocked_by_r1_human_approval,,,,False,Selection candidate has not been researched or annotated; this row is not evidence.
writer-park-chan-wook-jeong-seo-kyeong-10,screenwriting,park-chan-wook-jeong-seo-kyeong,instructional_limitation,,,blocked_by_r1_human_approval,,,,False,Selection candidate has not been researched or annotated; this row is not evidence.
writer-guillermo-del-toro-01,screenwriting,guillermo-del-toro,canonical,,,blocked_by_r1_human_approval,,,,True,Selection candidate has not been researched or annotated; this row is not evidence.
writer-guillermo-del-toro-02,screenwriting,guillermo-del-toro,canonical,,,blocked_by_r1_human_approval,,,,False,Selection candidate has not been researched or annotated; this row is not evidence.
writer-guillermo-del-toro-03,screenwriting,guillermo-del-toro,canonical,,,blocked_by_r1_human_approval,,,,False,Selection candidate has not been researched or annotated; this row is not evidence.
writer-guillermo-del-toro-04,screenwriting,guillermo-del-toro,canonical,,,blocked_by_r1_human_approval,,,,False,Selection candidate has not been researched or annotated; this row is not evidence.
writer-guillermo-del-toro-05,screenwriting,guillermo-del-toro,contrast,,,blocked_by_r1_human_approval,,,,False,Selection candidate has not been researched or annotated; this row is not evidence.
writer-guillermo-del-toro-06,screenwriting,guillermo-del-toro,contrast,,,blocked_by_r1_human_approval,,,,False,Selection candidate has not been researched or annotated; this row is not evidence.
writer-guillermo-del-toro-07,screenwriting,guillermo-del-toro,contrast,,,blocked_by_r1_human_approval,,,,False,Selection candidate has not been researched or annotated; this row is not evidence.
writer-guillermo-del-toro-08,screenwriting,guillermo-del-toro,atypical,,,blocked_by_r1_human_approval,,,,False,Selection candidate has not been researched or annotated; this row is not evidence.
writer-guillermo-del-toro-09,screenwriting,guillermo-del-toro,atypical,,,blocked_by_r1_human_approval,,,,False,Selection candidate has not been researched or annotated; this row is not evidence.
writer-guillermo-del-toro-10,screenwriting,guillermo-del-toro,instructional_limitation,,,blocked_by_r1_human_approval,,,,False,Selection candidate has not been researched or annotated; this row is not evidence.
writer-alfonso-cuaron-01,screenwriting,alfonso-cuaron,canonical,,,blocked_by_r1_human_approval,,,,True,Selection candidate has not been researched or annotated; this row is not evidence.
writer-alfonso-cuaron-02,screenwriting,alfonso-cuaron,canonical,,,blocked_by_r1_human_approval,,,,False,Selection candidate has not been researched or annotated; this row is not evidence.
writer-alfonso-cuaron-03,screenwriting,alfonso-cuaron,canonical,,,blocked_by_r1_human_approval,,,,False,Selection candidate has not been researched or annotated; this row is not evidence.
writer-alfonso-cuaron-04,screenwriting,alfonso-cuaron,canonical,,,blocked_by_r1_human_approval,,,,False,Selection candidate has not been researched or annotated; this row is not evidence.
writer-alfonso-cuaron-05,screenwriting,alfonso-cuaron,contrast,,,blocked_by_r1_human_approval,,,,False,Selection candidate has not been researched or annotated; this row is not evidence.
writer-alfonso-cuaron-06,screenwriting,alfonso-cuaron,contrast,,,blocked_by_r1_human_approval,,,,False,Selection candidate has not been researched or annotated; this row is not evidence.
writer-alfonso-cuaron-07,screenwriting,alfonso-cuaron,contrast,,,blocked_by_r1_human_approval,,,,False,Selection candidate has not been researched or annotated; this row is not evidence.
writer-alfonso-cuaron-08,screenwriting,alfonso-cuaron,atypical,,,blocked_by_r1_human_approval,,,,False,Selection candidate has not been researched or annotated; this row is not evidence.
writer-alfonso-cuaron-09,screenwriting,alfonso-cuaron,atypical,,,blocked_by_r1_human_approval,,,,False,Selection candidate has not been researched or annotated; this row is not evidence.
writer-alfonso-cuaron-10,screenwriting,alfonso-cuaron,instructional_limitation,,,blocked_by_r1_human_approval,,,,False,Selection candidate has not been researched or annotated; this row is not evidence.
writer-asghar-farhadi-01,screenwriting,asghar-farhadi,canonical,,,blocked_by_r1_human_approval,,,,True,Selection candidate has not been researched or annotated; this row is not evidence.
writer-asghar-farhadi-02,screenwriting,asghar-farhadi,canonical,,,blocked_by_r1_human_approval,,,,False,Selection candidate has not been researched or annotated; this row is not evidence.
writer-asghar-farhadi-03,screenwriting,asghar-farhadi,canonical,,,blocked_by_r1_human_approval,,,,False,Selection candidate has not been researched or annotated; this row is not evidence.
writer-asghar-farhadi-04,screenwriting,asghar-farhadi,canonical,,,blocked_by_r1_human_approval,,,,False,Selection candidate has not been researched or annotated; this row is not evidence.
writer-asghar-farhadi-05,screenwriting,asghar-farhadi,contrast,,,blocked_by_r1_human_approval,,,,False,Selection candidate has not been researched or annotated; this row is not evidence.
writer-asghar-farhadi-06,screenwriting,asghar-farhadi,contrast,,,blocked_by_r1_human_approval,,,,False,Selection candidate has not been researched or annotated; this row is not evidence.
writer-asghar-farhadi-07,screenwriting,asghar-farhadi,contrast,,,blocked_by_r1_human_approval,,,,False,Selection candidate has not been researched or annotated; this row is not evidence.
writer-asghar-farhadi-08,screenwriting,asghar-farhadi,atypical,,,blocked_by_r1_human_approval,,,,False,Selection candidate has not been researched or annotated; this row is not evidence.
writer-asghar-farhadi-09,screenwriting,asghar-farhadi,atypical,,,blocked_by_r1_human_approval,,,,False,Selection candidate has not been researched or annotated; this row is not evidence.
writer-asghar-farhadi-10,screenwriting,asghar-farhadi,instructional_limitation,,,blocked_by_r1_human_approval,,,,False,Selection candidate has not been researched or annotated; this row is not evidence.
writer-alice-birch-01,screenwriting,alice-birch,canonical,,,blocked_by_r1_human_approval,,,,True,Selection candidate has not been researched or annotated; this row is not evidence.
writer-alice-birch-02,screenwriting,alice-birch,canonical,,,blocked_by_r1_human_approval,,,,False,Selection candidate has not been researched or annotated; this row is not evidence.
writer-alice-birch-03,screenwriting,alice-birch,canonical,,,blocked_by_r1_human_approval,,,,False,Selection candidate has not been researched or annotated; this row is not evidence.
writer-alice-birch-04,screenwriting,alice-birch,canonical,,,blocked_by_r1_human_approval,,,,False,Selection candidate has not been researched or annotated; this row is not evidence.
writer-alice-birch-05,screenwriting,alice-birch,contrast,,,blocked_by_r1_human_approval,,,,False,Selection candidate has not been researched or annotated; this row is not evidence.
writer-alice-birch-06,screenwriting,alice-birch,contrast,,,blocked_by_r1_human_approval,,,,False,Selection candidate has not been researched or annotated; this row is not evidence.
writer-alice-birch-07,screenwriting,alice-birch,contrast,,,blocked_by_r1_human_approval,,,,False,Selection candidate has not been researched or annotated; this row is not evidence.
writer-alice-birch-08,screenwriting,alice-birch,atypical,,,blocked_by_r1_human_approval,,,,False,Selection candidate has not been researched or annotated; this row is not evidence.
writer-alice-birch-09,screenwriting,alice-birch,atypical,,,blocked_by_r1_human_approval,,,,False,Selection candidate has not been researched or annotated; this row is not evidence.
writer-alice-birch-10,screenwriting,alice-birch,instructional_limitation,,,blocked_by_r1_human_approval,,,,False,Selection candidate has not been researched or annotated; this row is not evidence.
writer-mike-leigh-01,screenwriting,mike-leigh,canonical,,,blocked_by_r1_human_approval,,,,True,Selection candidate has not been researched or annotated; this row is not evidence.
writer-mike-leigh-02,screenwriting,mike-leigh,canonical,,,blocked_by_r1_human_approval,,,,False,Selection candidate has not been researched or annotated; this row is not evidence.
writer-mike-leigh-03,screenwriting,mike-leigh,canonical,,,blocked_by_r1_human_approval,,,,False,Selection candidate has not been researched or annotated; this row is not evidence.
writer-mike-leigh-04,screenwriting,mike-leigh,canonical,,,blocked_by_r1_human_approval,,,,False,Selection candidate has not been researched or annotated; this row is not evidence.
writer-mike-leigh-05,screenwriting,mike-leigh,contrast,,,blocked_by_r1_human_approval,,,,False,Selection candidate has not been researched or annotated; this row is not evidence.
writer-mike-leigh-06,screenwriting,mike-leigh,contrast,,,blocked_by_r1_human_approval,,,,False,Selection candidate has not been researched or annotated; this row is not evidence.
writer-mike-leigh-07,screenwriting,mike-leigh,contrast,,,blocked_by_r1_human_approval,,,,False,Selection candidate has not been researched or annotated; this row is not evidence.
writer-mike-leigh-08,screenwriting,mike-leigh,atypical,,,blocked_by_r1_human_approval,,,,False,Selection candidate has not been researched or annotated; this row is not evidence.
writer-mike-leigh-09,screenwriting,mike-leigh,atypical,,,blocked_by_r1_human_approval,,,,False,Selection candidate has not been researched or annotated; this row is not evidence.
writer-mike-leigh-10,screenwriting,mike-leigh,instructional_limitation,,,blocked_by_r1_human_approval,,,,False,Selection candidate has not been researched or annotated; this row is not evidence.
writer-shonda-rhimes-01,screenwriting,shonda-rhimes,canonical,,,blocked_by_r1_human_approval,,,,True,Selection candidate has not been researched or annotated; this row is not evidence.
writer-shonda-rhimes-02,screenwriting,shonda-rhimes,canonical,,,blocked_by_r1_human_approval,,,,False,Selection candidate has not been researched or annotated; this row is not evidence.
writer-shonda-rhimes-03,screenwriting,shonda-rhimes,canonical,,,blocked_by_r1_human_approval,,,,False,Selection candidate has not been researched or annotated; this row is not evidence.
writer-shonda-rhimes-04,screenwriting,shonda-rhimes,canonical,,,blocked_by_r1_human_approval,,,,False,Selection candidate has not been researched or annotated; this row is not evidence.
writer-shonda-rhimes-05,screenwriting,shonda-rhimes,contrast,,,blocked_by_r1_human_approval,,,,False,Selection candidate has not been researched or annotated; this row is not evidence.
writer-shonda-rhimes-06,screenwriting,shonda-rhimes,contrast,,,blocked_by_r1_human_approval,,,,False,Selection candidate has not been researched or annotated; this row is not evidence.
writer-shonda-rhimes-07,screenwriting,shonda-rhimes,contrast,,,blocked_by_r1_human_approval,,,,False,Selection candidate has not been researched or annotated; this row is not evidence.
writer-shonda-rhimes-08,screenwriting,shonda-rhimes,atypical,,,blocked_by_r1_human_approval,,,,False,Selection candidate has not been researched or annotated; this row is not evidence.
writer-shonda-rhimes-09,screenwriting,shonda-rhimes,atypical,,,blocked_by_r1_human_approval,,,,False,Selection candidate has not been researched or annotated; this row is not evidence.
writer-shonda-rhimes-10,screenwriting,shonda-rhimes,instructional_limitation,,,blocked_by_r1_human_approval,,,,False,Selection candidate has not been researched or annotated; this row is not evidence.
writer-david-simon-ed-burns-01,screenwriting,david-simon-ed-burns,canonical,,,blocked_by_r1_human_approval,,,,True,Selection candidate has not been researched or annotated; this row is not evidence.
writer-david-simon-ed-burns-02,screenwriting,david-simon-ed-burns,canonical,,,blocked_by_r1_human_approval,,,,False,Selection candidate has not been researched or annotated; this row is not evidence.
writer-david-simon-ed-burns-03,screenwriting,david-simon-ed-burns,canonical,,,blocked_by_r1_human_approval,,,,False,Selection candidate has not been researched or annotated; this row is not evidence.
writer-david-simon-ed-burns-04,screenwriting,david-simon-ed-burns,canonical,,,blocked_by_r1_human_approval,,,,False,Selection candidate has not been researched or annotated; this row is not evidence.
writer-david-simon-ed-burns-05,screenwriting,david-simon-ed-burns,contrast,,,blocked_by_r1_human_approval,,,,False,Selection candidate has not been researched or annotated; this row is not evidence.
writer-david-simon-ed-burns-06,screenwriting,david-simon-ed-burns,contrast,,,blocked_by_r1_human_approval,,,,False,Selection candidate has not been researched or annotated; this row is not evidence.
writer-david-simon-ed-burns-07,screenwriting,david-simon-ed-burns,contrast,,,blocked_by_r1_human_approval,,,,False,Selection candidate has not been researched or annotated; this row is not evidence.
writer-david-simon-ed-burns-08,screenwriting,david-simon-ed-burns,atypical,,,blocked_by_r1_human_approval,,,,False,Selection candidate has not been researched or annotated; this row is not evidence.
writer-david-simon-ed-burns-09,screenwriting,david-simon-ed-burns,atypical,,,blocked_by_r1_human_approval,,,,False,Selection candidate has not been researched or annotated; this row is not evidence.
writer-david-simon-ed-burns-10,screenwriting,david-simon-ed-burns,instructional_limitation,,,blocked_by_r1_human_approval,,,,False,Selection candidate has not been researched or annotated; this row is not evidence.
writer-john-august-craig-mazin-01,screenwriting,john-august-craig-mazin,canonical,,,blocked_by_r1_human_approval,,,,True,Selection candidate has not been researched or annotated; this row is not evidence.
writer-john-august-craig-mazin-02,screenwriting,john-august-craig-mazin,canonical,,,blocked_by_r1_human_approval,,,,False,Selection candidate has not been researched or annotated; this row is not evidence.
writer-john-august-craig-mazin-03,screenwriting,john-august-craig-mazin,canonical,,,blocked_by_r1_human_approval,,,,False,Selection candidate has not been researched or annotated; this row is not evidence.
writer-john-august-craig-mazin-04,screenwriting,john-august-craig-mazin,canonical,,,blocked_by_r1_human_approval,,,,False,Selection candidate has not been researched or annotated; this row is not evidence.
writer-john-august-craig-mazin-05,screenwriting,john-august-craig-mazin,contrast,,,blocked_by_r1_human_approval,,,,False,Selection candidate has not been researched or annotated; this row is not evidence.
writer-john-august-craig-mazin-06,screenwriting,john-august-craig-mazin,contrast,,,blocked_by_r1_human_approval,,,,False,Selection candidate has not been researched or annotated; this row is not evidence.
writer-john-august-craig-mazin-07,screenwriting,john-august-craig-mazin,contrast,,,blocked_by_r1_human_approval,,,,False,Selection candidate has not been researched or annotated; this row is not evidence.
writer-john-august-craig-mazin-08,screenwriting,john-august-craig-mazin,atypical,,,blocked_by_r1_human_approval,,,,False,Selection candidate has not been researched or annotated; this row is not evidence.
writer-john-august-craig-mazin-09,screenwriting,john-august-craig-mazin,atypical,,,blocked_by_r1_human_approval,,,,False,Selection candidate has not been researched or annotated; this row is not evidence.
writer-john-august-craig-mazin-10,screenwriting,john-august-craig-mazin,instructional_limitation,,,blocked_by_r1_human_approval,,,,False,Selection candidate has not been researched or annotated; this row is not evidence.
writer-michael-arndt-01,screenwriting,michael-arndt,canonical,,,blocked_by_r1_human_approval,,,,True,Selection candidate has not been researched or annotated; this row is not evidence.
writer-michael-arndt-02,screenwriting,michael-arndt,canonical,,,blocked_by_r1_human_approval,,,,False,Selection candidate has not been researched or annotated; this row is not evidence.
writer-michael-arndt-03,screenwriting,michael-arndt,canonical,,,blocked_by_r1_human_approval,,,,False,Selection candidate has not been researched or annotated; this row is not evidence.
writer-michael-arndt-04,screenwriting,michael-arndt,canonical,,,blocked_by_r1_human_approval,,,,False,Selection candidate has not been researched or annotated; this row is not evidence.
writer-michael-arndt-05,screenwriting,michael-arndt,contrast,,,blocked_by_r1_human_approval,,,,False,Selection candidate has not been researched or annotated; this row is not evidence.
writer-michael-arndt-06,screenwriting,michael-arndt,contrast,,,blocked_by_r1_human_approval,,,,False,Selection candidate has not been researched or annotated; this row is not evidence.
writer-michael-arndt-07,screenwriting,michael-arndt,contrast,,,blocked_by_r1_human_approval,,,,False,Selection candidate has not been researched or annotated; this row is not evidence.
writer-michael-arndt-08,screenwriting,michael-arndt,atypical,,,blocked_by_r1_human_approval,,,,False,Selection candidate has not been researched or annotated; this row is not evidence.
writer-michael-arndt-09,screenwriting,michael-arndt,atypical,,,blocked_by_r1_human_approval,,,,False,Selection candidate has not been researched or annotated; this row is not evidence.
writer-michael-arndt-10,screenwriting,michael-arndt,instructional_limitation,,,blocked_by_r1_human_approval,,,,False,Selection candidate has not been researched or annotated; this row is not evidence.
writer-armando-iannucci-jesse-armstrong-01,screenwriting,armando-iannucci-jesse-armstrong,canonical,,,blocked_by_r1_human_approval,,,,True,Selection candidate has not been researched or annotated; this row is not evidence.
writer-armando-iannucci-jesse-armstrong-02,screenwriting,armando-iannucci-jesse-armstrong,canonical,,,blocked_by_r1_human_approval,,,,False,Selection candidate has not been researched or annotated; this row is not evidence.
writer-armando-iannucci-jesse-armstrong-03,screenwriting,armando-iannucci-jesse-armstrong,canonical,,,blocked_by_r1_human_approval,,,,False,Selection candidate has not been researched or annotated; this row is not evidence.
writer-armando-iannucci-jesse-armstrong-04,screenwriting,armando-iannucci-jesse-armstrong,canonical,,,blocked_by_r1_human_approval,,,,False,Selection candidate has not been researched or annotated; this row is not evidence.
writer-armando-iannucci-jesse-armstrong-05,screenwriting,armando-iannucci-jesse-armstrong,contrast,,,blocked_by_r1_human_approval,,,,False,Selection candidate has not been researched or annotated; this row is not evidence.
writer-armando-iannucci-jesse-armstrong-06,screenwriting,armando-iannucci-jesse-armstrong,contrast,,,blocked_by_r1_human_approval,,,,False,Selection candidate has not been researched or annotated; this row is not evidence.
writer-armando-iannucci-jesse-armstrong-07,screenwriting,armando-iannucci-jesse-armstrong,contrast,,,blocked_by_r1_human_approval,,,,False,Selection candidate has not been researched or annotated; this row is not evidence.
writer-armando-iannucci-jesse-armstrong-08,screenwriting,armando-iannucci-jesse-armstrong,atypical,,,blocked_by_r1_human_approval,,,,False,Selection candidate has not been researched or annotated; this row is not evidence.
writer-armando-iannucci-jesse-armstrong-09,screenwriting,armando-iannucci-jesse-armstrong,atypical,,,blocked_by_r1_human_approval,,,,False,Selection candidate has not been researched or annotated; this row is not evidence.
writer-armando-iannucci-jesse-armstrong-10,screenwriting,armando-iannucci-jesse-armstrong,instructional_limitation,,,blocked_by_r1_human_approval,,,,False,Selection candidate has not been researched or annotated; this row is not evidence.
director-christopher-nolan-01,direction,christopher-nolan,canonical,,,blocked_by_r1_human_approval,,,,True,Selection candidate has not been researched or annotated; this row is not evidence.
director-christopher-nolan-02,direction,christopher-nolan,canonical,,,blocked_by_r1_human_approval,,,,False,Selection candidate has not been researched or annotated; this row is not evidence.
director-christopher-nolan-03,direction,christopher-nolan,canonical,,,blocked_by_r1_human_approval,,,,False,Selection candidate has not been researched or annotated; this row is not evidence.
director-christopher-nolan-04,direction,christopher-nolan,canonical,,,blocked_by_r1_human_approval,,,,False,Selection candidate has not been researched or annotated; this row is not evidence.
director-christopher-nolan-05,direction,christopher-nolan,contrast,,,blocked_by_r1_human_approval,,,,False,Selection candidate has not been researched or annotated; this row is not evidence.
director-christopher-nolan-06,direction,christopher-nolan,contrast,,,blocked_by_r1_human_approval,,,,False,Selection candidate has not been researched or annotated; this row is not evidence.
director-christopher-nolan-07,direction,christopher-nolan,contrast,,,blocked_by_r1_human_approval,,,,False,Selection candidate has not been researched or annotated; this row is not evidence.
director-christopher-nolan-08,direction,christopher-nolan,atypical,,,blocked_by_r1_human_approval,,,,False,Selection candidate has not been researched or annotated; this row is not evidence.
director-christopher-nolan-09,direction,christopher-nolan,atypical,,,blocked_by_r1_human_approval,,,,False,Selection candidate has not been researched or annotated; this row is not evidence.
director-christopher-nolan-10,direction,christopher-nolan,instructional_limitation,,,blocked_by_r1_human_approval,,,,False,Selection candidate has not been researched or annotated; this row is not evidence.
director-steven-spielberg-01,direction,steven-spielberg,canonical,,,blocked_by_r1_human_approval,,,,True,Selection candidate has not been researched or annotated; this row is not evidence.
director-steven-spielberg-02,direction,steven-spielberg,canonical,,,blocked_by_r1_human_approval,,,,False,Selection candidate has not been researched or annotated; this row is not evidence.
director-steven-spielberg-03,direction,steven-spielberg,canonical,,,blocked_by_r1_human_approval,,,,False,Selection candidate has not been researched or annotated; this row is not evidence.
director-steven-spielberg-04,direction,steven-spielberg,canonical,,,blocked_by_r1_human_approval,,,,False,Selection candidate has not been researched or annotated; this row is not evidence.
director-steven-spielberg-05,direction,steven-spielberg,contrast,,,blocked_by_r1_human_approval,,,,False,Selection candidate has not been researched or annotated; this row is not evidence.
director-steven-spielberg-06,direction,steven-spielberg,contrast,,,blocked_by_r1_human_approval,,,,False,Selection candidate has not been researched or annotated; this row is not evidence.
director-steven-spielberg-07,direction,steven-spielberg,contrast,,,blocked_by_r1_human_approval,,,,False,Selection candidate has not been researched or annotated; this row is not evidence.
director-steven-spielberg-08,direction,steven-spielberg,atypical,,,blocked_by_r1_human_approval,,,,False,Selection candidate has not been researched or annotated; this row is not evidence.
director-steven-spielberg-09,direction,steven-spielberg,atypical,,,blocked_by_r1_human_approval,,,,False,Selection candidate has not been researched or annotated; this row is not evidence.
director-steven-spielberg-10,direction,steven-spielberg,instructional_limitation,,,blocked_by_r1_human_approval,,,,False,Selection candidate has not been researched or annotated; this row is not evidence.
director-denis-villeneuve-01,direction,denis-villeneuve,canonical,,,blocked_by_r1_human_approval,,,,True,Selection candidate has not been researched or annotated; this row is not evidence.
director-denis-villeneuve-02,direction,denis-villeneuve,canonical,,,blocked_by_r1_human_approval,,,,False,Selection candidate has not been researched or annotated; this row is not evidence.
director-denis-villeneuve-03,direction,denis-villeneuve,canonical,,,blocked_by_r1_human_approval,,,,False,Selection candidate has not been researched or annotated; this row is not evidence.
director-denis-villeneuve-04,direction,denis-villeneuve,canonical,,,blocked_by_r1_human_approval,,,,False,Selection candidate has not been researched or annotated; this row is not evidence.
director-denis-villeneuve-05,direction,denis-villeneuve,contrast,,,blocked_by_r1_human_approval,,,,False,Selection candidate has not been researched or annotated; this row is not evidence.
director-denis-villeneuve-06,direction,denis-villeneuve,contrast,,,blocked_by_r1_human_approval,,,,False,Selection candidate has not been researched or annotated; this row is not evidence.
director-denis-villeneuve-07,direction,denis-villeneuve,contrast,,,blocked_by_r1_human_approval,,,,False,Selection candidate has not been researched or annotated; this row is not evidence.
director-denis-villeneuve-08,direction,denis-villeneuve,atypical,,,blocked_by_r1_human_approval,,,,False,Selection candidate has not been researched or annotated; this row is not evidence.
director-denis-villeneuve-09,direction,denis-villeneuve,atypical,,,blocked_by_r1_human_approval,,,,False,Selection candidate has not been researched or annotated; this row is not evidence.
director-denis-villeneuve-10,direction,denis-villeneuve,instructional_limitation,,,blocked_by_r1_human_approval,,,,False,Selection candidate has not been researched or annotated; this row is not evidence.
director-david-fincher-01,direction,david-fincher,canonical,,,blocked_by_r1_human_approval,,,,True,Selection candidate has not been researched or annotated; this row is not evidence.
director-david-fincher-02,direction,david-fincher,canonical,,,blocked_by_r1_human_approval,,,,False,Selection candidate has not been researched or annotated; this row is not evidence.
director-david-fincher-03,direction,david-fincher,canonical,,,blocked_by_r1_human_approval,,,,False,Selection candidate has not been researched or annotated; this row is not evidence.
director-david-fincher-04,direction,david-fincher,canonical,,,blocked_by_r1_human_approval,,,,False,Selection candidate has not been researched or annotated; this row is not evidence.
director-david-fincher-05,direction,david-fincher,contrast,,,blocked_by_r1_human_approval,,,,False,Selection candidate has not been researched or annotated; this row is not evidence.
director-david-fincher-06,direction,david-fincher,contrast,,,blocked_by_r1_human_approval,,,,False,Selection candidate has not been researched or annotated; this row is not evidence.
director-david-fincher-07,direction,david-fincher,contrast,,,blocked_by_r1_human_approval,,,,False,Selection candidate has not been researched or annotated; this row is not evidence.
director-david-fincher-08,direction,david-fincher,atypical,,,blocked_by_r1_human_approval,,,,False,Selection candidate has not been researched or annotated; this row is not evidence.
director-david-fincher-09,direction,david-fincher,atypical,,,blocked_by_r1_human_approval,,,,False,Selection candidate has not been researched or annotated; this row is not evidence.
director-david-fincher-10,direction,david-fincher,instructional_limitation,,,blocked_by_r1_human_approval,,,,False,Selection candidate has not been researched or annotated; this row is not evidence.
director-bong-joon-ho-01,direction,bong-joon-ho,canonical,,,blocked_by_r1_human_approval,,,,True,Selection candidate has not been researched or annotated; this row is not evidence.
director-bong-joon-ho-02,direction,bong-joon-ho,canonical,,,blocked_by_r1_human_approval,,,,False,Selection candidate has not been researched or annotated; this row is not evidence.
director-bong-joon-ho-03,direction,bong-joon-ho,canonical,,,blocked_by_r1_human_approval,,,,False,Selection candidate has not been researched or annotated; this row is not evidence.
director-bong-joon-ho-04,direction,bong-joon-ho,canonical,,,blocked_by_r1_human_approval,,,,False,Selection candidate has not been researched or annotated; this row is not evidence.
director-bong-joon-ho-05,direction,bong-joon-ho,contrast,,,blocked_by_r1_human_approval,,,,False,Selection candidate has not been researched or annotated; this row is not evidence.
director-bong-joon-ho-06,direction,bong-joon-ho,contrast,,,blocked_by_r1_human_approval,,,,False,Selection candidate has not been researched or annotated; this row is not evidence.
director-bong-joon-ho-07,direction,bong-joon-ho,contrast,,,blocked_by_r1_human_approval,,,,False,Selection candidate has not been researched or annotated; this row is not evidence.
director-bong-joon-ho-08,direction,bong-joon-ho,atypical,,,blocked_by_r1_human_approval,,,,False,Selection candidate has not been researched or annotated; this row is not evidence.
director-bong-joon-ho-09,direction,bong-joon-ho,atypical,,,blocked_by_r1_human_approval,,,,False,Selection candidate has not been researched or annotated; this row is not evidence.
director-bong-joon-ho-10,direction,bong-joon-ho,instructional_limitation,,,blocked_by_r1_human_approval,,,,False,Selection candidate has not been researched or annotated; this row is not evidence.
director-hayao-miyazaki-01,direction,hayao-miyazaki,canonical,,,blocked_by_r1_human_approval,,,,True,Selection candidate has not been researched or annotated; this row is not evidence.
director-hayao-miyazaki-02,direction,hayao-miyazaki,canonical,,,blocked_by_r1_human_approval,,,,False,Selection candidate has not been researched or annotated; this row is not evidence.
director-hayao-miyazaki-03,direction,hayao-miyazaki,canonical,,,blocked_by_r1_human_approval,,,,False,Selection candidate has not been researched or annotated; this row is not evidence.
director-hayao-miyazaki-04,direction,hayao-miyazaki,canonical,,,blocked_by_r1_human_approval,,,,False,Selection candidate has not been researched or annotated; this row is not evidence.
director-hayao-miyazaki-05,direction,hayao-miyazaki,contrast,,,blocked_by_r1_human_approval,,,,False,Selection candidate has not been researched or annotated; this row is not evidence.
director-hayao-miyazaki-06,direction,hayao-miyazaki,contrast,,,blocked_by_r1_human_approval,,,,False,Selection candidate has not been researched or annotated; this row is not evidence.
director-hayao-miyazaki-07,direction,hayao-miyazaki,contrast,,,blocked_by_r1_human_approval,,,,False,Selection candidate has not been researched or annotated; this row is not evidence.
director-hayao-miyazaki-08,direction,hayao-miyazaki,atypical,,,blocked_by_r1_human_approval,,,,False,Selection candidate has not been researched or annotated; this row is not evidence.
director-hayao-miyazaki-09,direction,hayao-miyazaki,atypical,,,blocked_by_r1_human_approval,,,,False,Selection candidate has not been researched or annotated; this row is not evidence.
director-hayao-miyazaki-10,direction,hayao-miyazaki,instructional_limitation,,,blocked_by_r1_human_approval,,,,False,Selection candidate has not been researched or annotated; this row is not evidence.
director-jordan-peele-01,direction,jordan-peele,canonical,,,blocked_by_r1_human_approval,,,,True,Selection candidate has not been researched or annotated; this row is not evidence.
director-jordan-peele-02,direction,jordan-peele,canonical,,,blocked_by_r1_human_approval,,,,False,Selection candidate has not been researched or annotated; this row is not evidence.
director-jordan-peele-03,direction,jordan-peele,canonical,,,blocked_by_r1_human_approval,,,,False,Selection candidate has not been researched or annotated; this row is not evidence.
director-jordan-peele-04,direction,jordan-peele,canonical,,,blocked_by_r1_human_approval,,,,False,Selection candidate has not been researched or annotated; this row is not evidence.
director-jordan-peele-05,direction,jordan-peele,contrast,,,blocked_by_r1_human_approval,,,,False,Selection candidate has not been researched or annotated; this row is not evidence.
director-jordan-peele-06,direction,jordan-peele,contrast,,,blocked_by_r1_human_approval,,,,False,Selection candidate has not been researched or annotated; this row is not evidence.
director-jordan-peele-07,direction,jordan-peele,contrast,,,blocked_by_r1_human_approval,,,,False,Selection candidate has not been researched or annotated; this row is not evidence.
director-jordan-peele-08,direction,jordan-peele,atypical,,,blocked_by_r1_human_approval,,,,False,Selection candidate has not been researched or annotated; this row is not evidence.
director-jordan-peele-09,direction,jordan-peele,atypical,,,blocked_by_r1_human_approval,,,,False,Selection candidate has not been researched or annotated; this row is not evidence.
director-jordan-peele-10,direction,jordan-peele,instructional_limitation,,,blocked_by_r1_human_approval,,,,False,Selection candidate has not been researched or annotated; this row is not evidence.
director-greta-gerwig-01,direction,greta-gerwig,canonical,,,blocked_by_r1_human_approval,,,,True,Selection candidate has not been researched or annotated; this row is not evidence.
director-greta-gerwig-02,direction,greta-gerwig,canonical,,,blocked_by_r1_human_approval,,,,False,Selection candidate has not been researched or annotated; this row is not evidence.
director-greta-gerwig-03,direction,greta-gerwig,canonical,,,blocked_by_r1_human_approval,,,,False,Selection candidate has not been researched or annotated; this row is not evidence.
director-greta-gerwig-04,direction,greta-gerwig,canonical,,,blocked_by_r1_human_approval,,,,False,Selection candidate has not been researched or annotated; this row is not evidence.
director-greta-gerwig-05,direction,greta-gerwig,contrast,,,blocked_by_r1_human_approval,,,,False,Selection candidate has not been researched or annotated; this row is not evidence.
director-greta-gerwig-06,direction,greta-gerwig,contrast,,,blocked_by_r1_human_approval,,,,False,Selection candidate has not been researched or annotated; this row is not evidence.
director-greta-gerwig-07,direction,greta-gerwig,contrast,,,blocked_by_r1_human_approval,,,,False,Selection candidate has not been researched or annotated; this row is not evidence.
director-greta-gerwig-08,direction,greta-gerwig,atypical,,,blocked_by_r1_human_approval,,,,False,Selection candidate has not been researched or annotated; this row is not evidence.
director-greta-gerwig-09,direction,greta-gerwig,atypical,,,blocked_by_r1_human_approval,,,,False,Selection candidate has not been researched or annotated; this row is not evidence.
director-greta-gerwig-10,direction,greta-gerwig,instructional_limitation,,,blocked_by_r1_human_approval,,,,False,Selection candidate has not been researched or annotated; this row is not evidence.
director-alfonso-cuaron-01,direction,alfonso-cuaron,canonical,,,blocked_by_r1_human_approval,,,,True,Selection candidate has not been researched or annotated; this row is not evidence.
director-alfonso-cuaron-02,direction,alfonso-cuaron,canonical,,,blocked_by_r1_human_approval,,,,False,Selection candidate has not been researched or annotated; this row is not evidence.
director-alfonso-cuaron-03,direction,alfonso-cuaron,canonical,,,blocked_by_r1_human_approval,,,,False,Selection candidate has not been researched or annotated; this row is not evidence.
director-alfonso-cuaron-04,direction,alfonso-cuaron,canonical,,,blocked_by_r1_human_approval,,,,False,Selection candidate has not been researched or annotated; this row is not evidence.
director-alfonso-cuaron-05,direction,alfonso-cuaron,contrast,,,blocked_by_r1_human_approval,,,,False,Selection candidate has not been researched or annotated; this row is not evidence.
director-alfonso-cuaron-06,direction,alfonso-cuaron,contrast,,,blocked_by_r1_human_approval,,,,False,Selection candidate has not been researched or annotated; this row is not evidence.
director-alfonso-cuaron-07,direction,alfonso-cuaron,contrast,,,blocked_by_r1_human_approval,,,,False,Selection candidate has not been researched or annotated; this row is not evidence.
director-alfonso-cuaron-08,direction,alfonso-cuaron,atypical,,,blocked_by_r1_human_approval,,,,False,Selection candidate has not been researched or annotated; this row is not evidence.
director-alfonso-cuaron-09,direction,alfonso-cuaron,atypical,,,blocked_by_r1_human_approval,,,,False,Selection candidate has not been researched or annotated; this row is not evidence.
director-alfonso-cuaron-10,direction,alfonso-cuaron,instructional_limitation,,,blocked_by_r1_human_approval,,,,False,Selection candidate has not been researched or annotated; this row is not evidence.
director-edgar-wright-01,direction,edgar-wright,canonical,,,blocked_by_r1_human_approval,,,,True,Selection candidate has not been researched or annotated; this row is not evidence.
director-edgar-wright-02,direction,edgar-wright,canonical,,,blocked_by_r1_human_approval,,,,False,Selection candidate has not been researched or annotated; this row is not evidence.
director-edgar-wright-03,direction,edgar-wright,canonical,,,blocked_by_r1_human_approval,,,,False,Selection candidate has not been researched or annotated; this row is not evidence.
director-edgar-wright-04,direction,edgar-wright,canonical,,,blocked_by_r1_human_approval,,,,False,Selection candidate has not been researched or annotated; this row is not evidence.
director-edgar-wright-05,direction,edgar-wright,contrast,,,blocked_by_r1_human_approval,,,,False,Selection candidate has not been researched or annotated; this row is not evidence.
director-edgar-wright-06,direction,edgar-wright,contrast,,,blocked_by_r1_human_approval,,,,False,Selection candidate has not been researched or annotated; this row is not evidence.
director-edgar-wright-07,direction,edgar-wright,contrast,,,blocked_by_r1_human_approval,,,,False,Selection candidate has not been researched or annotated; this row is not evidence.
director-edgar-wright-08,direction,edgar-wright,atypical,,,blocked_by_r1_human_approval,,,,False,Selection candidate has not been researched or annotated; this row is not evidence.
director-edgar-wright-09,direction,edgar-wright,atypical,,,blocked_by_r1_human_approval,,,,False,Selection candidate has not been researched or annotated; this row is not evidence.
director-edgar-wright-10,direction,edgar-wright,instructional_limitation,,,blocked_by_r1_human_approval,,,,False,Selection candidate has not been researched or annotated; this row is not evidence.
editor-walter-murch-01,editing,walter-murch,canonical,,,blocked_by_r1_human_approval,,,,True,Selection candidate has not been researched or annotated; this row is not evidence.
editor-walter-murch-02,editing,walter-murch,canonical,,,blocked_by_r1_human_approval,,,,False,Selection candidate has not been researched or annotated; this row is not evidence.
editor-walter-murch-03,editing,walter-murch,canonical,,,blocked_by_r1_human_approval,,,,False,Selection candidate has not been researched or annotated; this row is not evidence.
editor-walter-murch-04,editing,walter-murch,canonical,,,blocked_by_r1_human_approval,,,,False,Selection candidate has not been researched or annotated; this row is not evidence.
editor-walter-murch-05,editing,walter-murch,contrast,,,blocked_by_r1_human_approval,,,,False,Selection candidate has not been researched or annotated; this row is not evidence.
editor-walter-murch-06,editing,walter-murch,contrast,,,blocked_by_r1_human_approval,,,,False,Selection candidate has not been researched or annotated; this row is not evidence.
editor-walter-murch-07,editing,walter-murch,contrast,,,blocked_by_r1_human_approval,,,,False,Selection candidate has not been researched or annotated; this row is not evidence.
editor-walter-murch-08,editing,walter-murch,atypical,,,blocked_by_r1_human_approval,,,,False,Selection candidate has not been researched or annotated; this row is not evidence.
editor-walter-murch-09,editing,walter-murch,atypical,,,blocked_by_r1_human_approval,,,,False,Selection candidate has not been researched or annotated; this row is not evidence.
editor-walter-murch-10,editing,walter-murch,instructional_limitation,,,blocked_by_r1_human_approval,,,,False,Selection candidate has not been researched or annotated; this row is not evidence.
editor-thelma-schoonmaker-01,editing,thelma-schoonmaker,canonical,,,blocked_by_r1_human_approval,,,,True,Selection candidate has not been researched or annotated; this row is not evidence.
editor-thelma-schoonmaker-02,editing,thelma-schoonmaker,canonical,,,blocked_by_r1_human_approval,,,,False,Selection candidate has not been researched or annotated; this row is not evidence.
editor-thelma-schoonmaker-03,editing,thelma-schoonmaker,canonical,,,blocked_by_r1_human_approval,,,,False,Selection candidate has not been researched or annotated; this row is not evidence.
editor-thelma-schoonmaker-04,editing,thelma-schoonmaker,canonical,,,blocked_by_r1_human_approval,,,,False,Selection candidate has not been researched or annotated; this row is not evidence.
editor-thelma-schoonmaker-05,editing,thelma-schoonmaker,contrast,,,blocked_by_r1_human_approval,,,,False,Selection candidate has not been researched or annotated; this row is not evidence.
editor-thelma-schoonmaker-06,editing,thelma-schoonmaker,contrast,,,blocked_by_r1_human_approval,,,,False,Selection candidate has not been researched or annotated; this row is not evidence.
editor-thelma-schoonmaker-07,editing,thelma-schoonmaker,contrast,,,blocked_by_r1_human_approval,,,,False,Selection candidate has not been researched or annotated; this row is not evidence.
editor-thelma-schoonmaker-08,editing,thelma-schoonmaker,atypical,,,blocked_by_r1_human_approval,,,,False,Selection candidate has not been researched or annotated; this row is not evidence.
editor-thelma-schoonmaker-09,editing,thelma-schoonmaker,atypical,,,blocked_by_r1_human_approval,,,,False,Selection candidate has not been researched or annotated; this row is not evidence.
editor-thelma-schoonmaker-10,editing,thelma-schoonmaker,instructional_limitation,,,blocked_by_r1_human_approval,,,,False,Selection candidate has not been researched or annotated; this row is not evidence.
editor-lee-smith-01,editing,lee-smith,canonical,,,blocked_by_r1_human_approval,,,,True,Selection candidate has not been researched or annotated; this row is not evidence.
editor-lee-smith-02,editing,lee-smith,canonical,,,blocked_by_r1_human_approval,,,,False,Selection candidate has not been researched or annotated; this row is not evidence.
editor-lee-smith-03,editing,lee-smith,canonical,,,blocked_by_r1_human_approval,,,,False,Selection candidate has not been researched or annotated; this row is not evidence.
editor-lee-smith-04,editing,lee-smith,canonical,,,blocked_by_r1_human_approval,,,,False,Selection candidate has not been researched or annotated; this row is not evidence.
editor-lee-smith-05,editing,lee-smith,contrast,,,blocked_by_r1_human_approval,,,,False,Selection candidate has not been researched or annotated; this row is not evidence.
editor-lee-smith-06,editing,lee-smith,contrast,,,blocked_by_r1_human_approval,,,,False,Selection candidate has not been researched or annotated; this row is not evidence.
editor-lee-smith-07,editing,lee-smith,contrast,,,blocked_by_r1_human_approval,,,,False,Selection candidate has not been researched or annotated; this row is not evidence.
editor-lee-smith-08,editing,lee-smith,atypical,,,blocked_by_r1_human_approval,,,,False,Selection candidate has not been researched or annotated; this row is not evidence.
editor-lee-smith-09,editing,lee-smith,atypical,,,blocked_by_r1_human_approval,,,,False,Selection candidate has not been researched or annotated; this row is not evidence.
editor-lee-smith-10,editing,lee-smith,instructional_limitation,,,blocked_by_r1_human_approval,,,,False,Selection candidate has not been researched or annotated; this row is not evidence.
editor-jennifer-lame-01,editing,jennifer-lame,canonical,,,blocked_by_r1_human_approval,,,,True,Selection candidate has not been researched or annotated; this row is not evidence.
editor-jennifer-lame-02,editing,jennifer-lame,canonical,,,blocked_by_r1_human_approval,,,,False,Selection candidate has not been researched or annotated; this row is not evidence.
editor-jennifer-lame-03,editing,jennifer-lame,canonical,,,blocked_by_r1_human_approval,,,,False,Selection candidate has not been researched or annotated; this row is not evidence.
editor-jennifer-lame-04,editing,jennifer-lame,canonical,,,blocked_by_r1_human_approval,,,,False,Selection candidate has not been researched or annotated; this row is not evidence.
editor-jennifer-lame-05,editing,jennifer-lame,contrast,,,blocked_by_r1_human_approval,,,,False,Selection candidate has not been researched or annotated; this row is not evidence.
editor-jennifer-lame-06,editing,jennifer-lame,contrast,,,blocked_by_r1_human_approval,,,,False,Selection candidate has not been researched or annotated; this row is not evidence.
editor-jennifer-lame-07,editing,jennifer-lame,contrast,,,blocked_by_r1_human_approval,,,,False,Selection candidate has not been researched or annotated; this row is not evidence.
editor-jennifer-lame-08,editing,jennifer-lame,atypical,,,blocked_by_r1_human_approval,,,,False,Selection candidate has not been researched or annotated; this row is not evidence.
editor-jennifer-lame-09,editing,jennifer-lame,atypical,,,blocked_by_r1_human_approval,,,,False,Selection candidate has not been researched or annotated; this row is not evidence.
editor-jennifer-lame-10,editing,jennifer-lame,instructional_limitation,,,blocked_by_r1_human_approval,,,,False,Selection candidate has not been researched or annotated; this row is not evidence.
editor-kirk-baxter-01,editing,kirk-baxter,canonical,,,blocked_by_r1_human_approval,,,,True,Selection candidate has not been researched or annotated; this row is not evidence.
editor-kirk-baxter-02,editing,kirk-baxter,canonical,,,blocked_by_r1_human_approval,,,,False,Selection candidate has not been researched or annotated; this row is not evidence.
editor-kirk-baxter-03,editing,kirk-baxter,canonical,,,blocked_by_r1_human_approval,,,,False,Selection candidate has not been researched or annotated; this row is not evidence.
editor-kirk-baxter-04,editing,kirk-baxter,canonical,,,blocked_by_r1_human_approval,,,,False,Selection candidate has not been researched or annotated; this row is not evidence.
editor-kirk-baxter-05,editing,kirk-baxter,contrast,,,blocked_by_r1_human_approval,,,,False,Selection candidate has not been researched or annotated; this row is not evidence.
editor-kirk-baxter-06,editing,kirk-baxter,contrast,,,blocked_by_r1_human_approval,,,,False,Selection candidate has not been researched or annotated; this row is not evidence.
editor-kirk-baxter-07,editing,kirk-baxter,contrast,,,blocked_by_r1_human_approval,,,,False,Selection candidate has not been researched or annotated; this row is not evidence.
editor-kirk-baxter-08,editing,kirk-baxter,atypical,,,blocked_by_r1_human_approval,,,,False,Selection candidate has not been researched or annotated; this row is not evidence.
editor-kirk-baxter-09,editing,kirk-baxter,atypical,,,blocked_by_r1_human_approval,,,,False,Selection candidate has not been researched or annotated; this row is not evidence.
editor-kirk-baxter-10,editing,kirk-baxter,instructional_limitation,,,blocked_by_r1_human_approval,,,,False,Selection candidate has not been researched or annotated; this row is not evidence.
editor-joe-walker-01,editing,joe-walker,canonical,,,blocked_by_r1_human_approval,,,,True,Selection candidate has not been researched or annotated; this row is not evidence.
editor-joe-walker-02,editing,joe-walker,canonical,,,blocked_by_r1_human_approval,,,,False,Selection candidate has not been researched or annotated; this row is not evidence.
editor-joe-walker-03,editing,joe-walker,canonical,,,blocked_by_r1_human_approval,,,,False,Selection candidate has not been researched or annotated; this row is not evidence.
editor-joe-walker-04,editing,joe-walker,canonical,,,blocked_by_r1_human_approval,,,,False,Selection candidate has not been researched or annotated; this row is not evidence.
editor-joe-walker-05,editing,joe-walker,contrast,,,blocked_by_r1_human_approval,,,,False,Selection candidate has not been researched or annotated; this row is not evidence.
editor-joe-walker-06,editing,joe-walker,contrast,,,blocked_by_r1_human_approval,,,,False,Selection candidate has not been researched or annotated; this row is not evidence.
editor-joe-walker-07,editing,joe-walker,contrast,,,blocked_by_r1_human_approval,,,,False,Selection candidate has not been researched or annotated; this row is not evidence.
editor-joe-walker-08,editing,joe-walker,atypical,,,blocked_by_r1_human_approval,,,,False,Selection candidate has not been researched or annotated; this row is not evidence.
editor-joe-walker-09,editing,joe-walker,atypical,,,blocked_by_r1_human_approval,,,,False,Selection candidate has not been researched or annotated; this row is not evidence.
editor-joe-walker-10,editing,joe-walker,instructional_limitation,,,blocked_by_r1_human_approval,,,,False,Selection candidate has not been researched or annotated; this row is not evidence.
editor-margaret-sixel-01,editing,margaret-sixel,canonical,,,blocked_by_r1_human_approval,,,,True,Selection candidate has not been researched or annotated; this row is not evidence.
editor-margaret-sixel-02,editing,margaret-sixel,canonical,,,blocked_by_r1_human_approval,,,,False,Selection candidate has not been researched or annotated; this row is not evidence.
editor-margaret-sixel-03,editing,margaret-sixel,canonical,,,blocked_by_r1_human_approval,,,,False,Selection candidate has not been researched or annotated; this row is not evidence.
editor-margaret-sixel-04,editing,margaret-sixel,canonical,,,blocked_by_r1_human_approval,,,,False,Selection candidate has not been researched or annotated; this row is not evidence.
editor-margaret-sixel-05,editing,margaret-sixel,contrast,,,blocked_by_r1_human_approval,,,,False,Selection candidate has not been researched or annotated; this row is not evidence.
editor-margaret-sixel-06,editing,margaret-sixel,contrast,,,blocked_by_r1_human_approval,,,,False,Selection candidate has not been researched or annotated; this row is not evidence.
editor-margaret-sixel-07,editing,margaret-sixel,contrast,,,blocked_by_r1_human_approval,,,,False,Selection candidate has not been researched or annotated; this row is not evidence.
editor-margaret-sixel-08,editing,margaret-sixel,atypical,,,blocked_by_r1_human_approval,,,,False,Selection candidate has not been researched or annotated; this row is not evidence.
editor-margaret-sixel-09,editing,margaret-sixel,atypical,,,blocked_by_r1_human_approval,,,,False,Selection candidate has not been researched or annotated; this row is not evidence.
editor-margaret-sixel-10,editing,margaret-sixel,instructional_limitation,,,blocked_by_r1_human_approval,,,,False,Selection candidate has not been researched or annotated; this row is not evidence.
editor-eddie-hamilton-01,editing,eddie-hamilton,canonical,,,blocked_by_r1_human_approval,,,,True,Selection candidate has not been researched or annotated; this row is not evidence.
editor-eddie-hamilton-02,editing,eddie-hamilton,canonical,,,blocked_by_r1_human_approval,,,,False,Selection candidate has not been researched or annotated; this row is not evidence.
editor-eddie-hamilton-03,editing,eddie-hamilton,canonical,,,blocked_by_r1_human_approval,,,,False,Selection candidate has not been researched or annotated; this row is not evidence.
editor-eddie-hamilton-04,editing,eddie-hamilton,canonical,,,blocked_by_r1_human_approval,,,,False,Selection candidate has not been researched or annotated; this row is not evidence.
editor-eddie-hamilton-05,editing,eddie-hamilton,contrast,,,blocked_by_r1_human_approval,,,,False,Selection candidate has not been researched or annotated; this row is not evidence.
editor-eddie-hamilton-06,editing,eddie-hamilton,contrast,,,blocked_by_r1_human_approval,,,,False,Selection candidate has not been researched or annotated; this row is not evidence.
editor-eddie-hamilton-07,editing,eddie-hamilton,contrast,,,blocked_by_r1_human_approval,,,,False,Selection candidate has not been researched or annotated; this row is not evidence.
editor-eddie-hamilton-08,editing,eddie-hamilton,atypical,,,blocked_by_r1_human_approval,,,,False,Selection candidate has not been researched or annotated; this row is not evidence.
editor-eddie-hamilton-09,editing,eddie-hamilton,atypical,,,blocked_by_r1_human_approval,,,,False,Selection candidate has not been researched or annotated; this row is not evidence.
editor-eddie-hamilton-10,editing,eddie-hamilton,instructional_limitation,,,blocked_by_r1_human_approval,,,,False,Selection candidate has not been researched or annotated; this row is not evidence.
editor-tom-cross-01,editing,tom-cross,canonical,,,blocked_by_r1_human_approval,,,,True,Selection candidate has not been researched or annotated; this row is not evidence.
editor-tom-cross-02,editing,tom-cross,canonical,,,blocked_by_r1_human_approval,,,,False,Selection candidate has not been researched or annotated; this row is not evidence.
editor-tom-cross-03,editing,tom-cross,canonical,,,blocked_by_r1_human_approval,,,,False,Selection candidate has not been researched or annotated; this row is not evidence.
editor-tom-cross-04,editing,tom-cross,canonical,,,blocked_by_r1_human_approval,,,,False,Selection candidate has not been researched or annotated; this row is not evidence.
editor-tom-cross-05,editing,tom-cross,contrast,,,blocked_by_r1_human_approval,,,,False,Selection candidate has not been researched or annotated; this row is not evidence.
editor-tom-cross-06,editing,tom-cross,contrast,,,blocked_by_r1_human_approval,,,,False,Selection candidate has not been researched or annotated; this row is not evidence.
editor-tom-cross-07,editing,tom-cross,contrast,,,blocked_by_r1_human_approval,,,,False,Selection candidate has not been researched or annotated; this row is not evidence.
editor-tom-cross-08,editing,tom-cross,atypical,,,blocked_by_r1_human_approval,,,,False,Selection candidate has not been researched or annotated; this row is not evidence.
editor-tom-cross-09,editing,tom-cross,atypical,,,blocked_by_r1_human_approval,,,,False,Selection candidate has not been researched or annotated; this row is not evidence.
editor-tom-cross-10,editing,tom-cross,instructional_limitation,,,blocked_by_r1_human_approval,,,,False,Selection candidate has not been researched or annotated; this row is not evidence.
editor-rotating-contemporary-seat-01,editing,rotating-contemporary-seat,canonical,,,blocked_by_r1_human_approval,,,,True,Selection candidate has not been researched or annotated; this row is not evidence.
editor-rotating-contemporary-seat-02,editing,rotating-contemporary-seat,canonical,,,blocked_by_r1_human_approval,,,,False,Selection candidate has not been researched or annotated; this row is not evidence.
editor-rotating-contemporary-seat-03,editing,rotating-contemporary-seat,canonical,,,blocked_by_r1_human_approval,,,,False,Selection candidate has not been researched or annotated; this row is not evidence.
editor-rotating-contemporary-seat-04,editing,rotating-contemporary-seat,canonical,,,blocked_by_r1_human_approval,,,,False,Selection candidate has not been researched or annotated; this row is not evidence.
editor-rotating-contemporary-seat-05,editing,rotating-contemporary-seat,contrast,,,blocked_by_r1_human_approval,,,,False,Selection candidate has not been researched or annotated; this row is not evidence.
editor-rotating-contemporary-seat-06,editing,rotating-contemporary-seat,contrast,,,blocked_by_r1_human_approval,,,,False,Selection candidate has not been researched or annotated; this row is not evidence.
editor-rotating-contemporary-seat-07,editing,rotating-contemporary-seat,contrast,,,blocked_by_r1_human_approval,,,,False,Selection candidate has not been researched or annotated; this row is not evidence.
editor-rotating-contemporary-seat-08,editing,rotating-contemporary-seat,atypical,,,blocked_by_r1_human_approval,,,,False,Selection candidate has not been researched or annotated; this row is not evidence.
editor-rotating-contemporary-seat-09,editing,rotating-contemporary-seat,atypical,,,blocked_by_r1_human_approval,,,,False,Selection candidate has not been researched or annotated; this row is not evidence.
editor-rotating-contemporary-seat-10,editing,rotating-contemporary-seat,instructional_limitation,,,blocked_by_r1_human_approval,,,,False,Selection candidate has not been researched or annotated; this row is not evidence.
cinematography-roger-deakins-01,cinematography,roger-deakins,craft_case,,,blocked_by_r1_human_approval,,,,True,Selection candidate has not been researched or annotated; this row is not evidence.
cinematography-roger-deakins-02,cinematography,roger-deakins,craft_case,,,blocked_by_r1_human_approval,,,,False,Selection candidate has not been researched or annotated; this row is not evidence.
cinematography-roger-deakins-03,cinematography,roger-deakins,craft_case,,,blocked_by_r1_human_approval,,,,False,Selection candidate has not been researched or annotated; this row is not evidence.
cinematography-roger-deakins-04,cinematography,roger-deakins,craft_case,,,blocked_by_r1_human_approval,,,,False,Selection candidate has not been researched or annotated; this row is not evidence.
cinematography-roger-deakins-05,cinematography,roger-deakins,craft_case,,,blocked_by_r1_human_approval,,,,False,Selection candidate has not been researched or annotated; this row is not evidence.
cinematography-hoyte-van-hoytema-01,cinematography,hoyte-van-hoytema,craft_case,,,blocked_by_r1_human_approval,,,,False,Selection candidate has not been researched or annotated; this row is not evidence.
cinematography-hoyte-van-hoytema-02,cinematography,hoyte-van-hoytema,craft_case,,,blocked_by_r1_human_approval,,,,False,Selection candidate has not been researched or annotated; this row is not evidence.
cinematography-hoyte-van-hoytema-03,cinematography,hoyte-van-hoytema,craft_case,,,blocked_by_r1_human_approval,,,,False,Selection candidate has not been researched or annotated; this row is not evidence.
cinematography-hoyte-van-hoytema-04,cinematography,hoyte-van-hoytema,craft_case,,,blocked_by_r1_human_approval,,,,False,Selection candidate has not been researched or annotated; this row is not evidence.
cinematography-hoyte-van-hoytema-05,cinematography,hoyte-van-hoytema,craft_case,,,blocked_by_r1_human_approval,,,,False,Selection candidate has not been researched or annotated; this row is not evidence.
cinematography-greig-fraser-01,cinematography,greig-fraser,craft_case,,,blocked_by_r1_human_approval,,,,True,Selection candidate has not been researched or annotated; this row is not evidence.
cinematography-greig-fraser-02,cinematography,greig-fraser,craft_case,,,blocked_by_r1_human_approval,,,,False,Selection candidate has not been researched or annotated; this row is not evidence.
cinematography-greig-fraser-03,cinematography,greig-fraser,craft_case,,,blocked_by_r1_human_approval,,,,False,Selection candidate has not been researched or annotated; this row is not evidence.
cinematography-greig-fraser-04,cinematography,greig-fraser,craft_case,,,blocked_by_r1_human_approval,,,,False,Selection candidate has not been researched or annotated; this row is not evidence.
cinematography-greig-fraser-05,cinematography,greig-fraser,craft_case,,,blocked_by_r1_human_approval,,,,False,Selection candidate has not been researched or annotated; this row is not evidence.
cinematography-bradford-young-01,cinematography,bradford-young,craft_case,,,blocked_by_r1_human_approval,,,,False,Selection candidate has not been researched or annotated; this row is not evidence.
cinematography-bradford-young-02,cinematography,bradford-young,craft_case,,,blocked_by_r1_human_approval,,,,False,Selection candidate has not been researched or annotated; this row is not evidence.
cinematography-bradford-young-03,cinematography,bradford-young,craft_case,,,blocked_by_r1_human_approval,,,,False,Selection candidate has not been researched or annotated; this row is not evidence.
cinematography-bradford-young-04,cinematography,bradford-young,craft_case,,,blocked_by_r1_human_approval,,,,False,Selection candidate has not been researched or annotated; this row is not evidence.
cinematography-bradford-young-05,cinematography,bradford-young,craft_case,,,blocked_by_r1_human_approval,,,,False,Selection candidate has not been researched or annotated; this row is not evidence.
cinematography-emmanuel-lubezki-01,cinematography,emmanuel-lubezki,craft_case,,,blocked_by_r1_human_approval,,,,True,Selection candidate has not been researched or annotated; this row is not evidence.
cinematography-emmanuel-lubezki-02,cinematography,emmanuel-lubezki,craft_case,,,blocked_by_r1_human_approval,,,,False,Selection candidate has not been researched or annotated; this row is not evidence.
cinematography-emmanuel-lubezki-03,cinematography,emmanuel-lubezki,craft_case,,,blocked_by_r1_human_approval,,,,False,Selection candidate has not been researched or annotated; this row is not evidence.
cinematography-emmanuel-lubezki-04,cinematography,emmanuel-lubezki,craft_case,,,blocked_by_r1_human_approval,,,,False,Selection candidate has not been researched or annotated; this row is not evidence.
cinematography-emmanuel-lubezki-05,cinematography,emmanuel-lubezki,craft_case,,,blocked_by_r1_human_approval,,,,False,Selection candidate has not been researched or annotated; this row is not evidence.
cinematography-rachel-morrison-01,cinematography,rachel-morrison,craft_case,,,blocked_by_r1_human_approval,,,,False,Selection candidate has not been researched or annotated; this row is not evidence.
cinematography-rachel-morrison-02,cinematography,rachel-morrison,craft_case,,,blocked_by_r1_human_approval,,,,False,Selection candidate has not been researched or annotated; this row is not evidence.
cinematography-rachel-morrison-03,cinematography,rachel-morrison,craft_case,,,blocked_by_r1_human_approval,,,,False,Selection candidate has not been researched or annotated; this row is not evidence.
cinematography-rachel-morrison-04,cinematography,rachel-morrison,craft_case,,,blocked_by_r1_human_approval,,,,False,Selection candidate has not been researched or annotated; this row is not evidence.
cinematography-rachel-morrison-05,cinematography,rachel-morrison,craft_case,,,blocked_by_r1_human_approval,,,,False,Selection candidate has not been researched or annotated; this row is not evidence.
cinematography-linus-sandgren-01,cinematography,linus-sandgren,craft_case,,,blocked_by_r1_human_approval,,,,True,Selection candidate has not been researched or annotated; this row is not evidence.
cinematography-linus-sandgren-02,cinematography,linus-sandgren,craft_case,,,blocked_by_r1_human_approval,,,,False,Selection candidate has not been researched or annotated; this row is not evidence.
cinematography-linus-sandgren-03,cinematography,linus-sandgren,craft_case,,,blocked_by_r1_human_approval,,,,False,Selection candidate has not been researched or annotated; this row is not evidence.
cinematography-linus-sandgren-04,cinematography,linus-sandgren,craft_case,,,blocked_by_r1_human_approval,,,,False,Selection candidate has not been researched or annotated; this row is not evidence.
cinematography-linus-sandgren-05,cinematography,linus-sandgren,craft_case,,,blocked_by_r1_human_approval,,,,False,Selection candidate has not been researched or annotated; this row is not evidence.
cinematography-jarin-blaschke-01,cinematography,jarin-blaschke,craft_case,,,blocked_by_r1_human_approval,,,,False,Selection candidate has not been researched or annotated; this row is not evidence.
cinematography-jarin-blaschke-02,cinematography,jarin-blaschke,craft_case,,,blocked_by_r1_human_approval,,,,False,Selection candidate has not been researched or annotated; this row is not evidence.
cinematography-jarin-blaschke-03,cinematography,jarin-blaschke,craft_case,,,blocked_by_r1_human_approval,,,,False,Selection candidate has not been researched or annotated; this row is not evidence.
cinematography-jarin-blaschke-04,cinematography,jarin-blaschke,craft_case,,,blocked_by_r1_human_approval,,,,False,Selection candidate has not been researched or annotated; this row is not evidence.
cinematography-jarin-blaschke-05,cinematography,jarin-blaschke,craft_case,,,blocked_by_r1_human_approval,,,,False,Selection candidate has not been researched or annotated; this row is not evidence.
cinematography-ed-lachman-01,cinematography,ed-lachman,craft_case,,,blocked_by_r1_human_approval,,,,True,Selection candidate has not been researched or annotated; this row is not evidence.
cinematography-ed-lachman-02,cinematography,ed-lachman,craft_case,,,blocked_by_r1_human_approval,,,,False,Selection candidate has not been researched or annotated; this row is not evidence.
cinematography-ed-lachman-03,cinematography,ed-lachman,craft_case,,,blocked_by_r1_human_approval,,,,False,Selection candidate has not been researched or annotated; this row is not evidence.
cinematography-ed-lachman-04,cinematography,ed-lachman,craft_case,,,blocked_by_r1_human_approval,,,,False,Selection candidate has not been researched or annotated; this row is not evidence.
cinematography-ed-lachman-05,cinematography,ed-lachman,craft_case,,,blocked_by_r1_human_approval,,,,False,Selection candidate has not been researched or annotated; this row is not evidence.
cinematography-lol-crawley-01,cinematography,lol-crawley,craft_case,,,blocked_by_r1_human_approval,,,,False,Selection candidate has not been researched or annotated; this row is not evidence.
cinematography-lol-crawley-02,cinematography,lol-crawley,craft_case,,,blocked_by_r1_human_approval,,,,False,Selection candidate has not been researched or annotated; this row is not evidence.
cinematography-lol-crawley-03,cinematography,lol-crawley,craft_case,,,blocked_by_r1_human_approval,,,,False,Selection candidate has not been researched or annotated; this row is not evidence.
cinematography-lol-crawley-04,cinematography,lol-crawley,craft_case,,,blocked_by_r1_human_approval,,,,False,Selection candidate has not been researched or annotated; this row is not evidence.
cinematography-lol-crawley-05,cinematography,lol-crawley,craft_case,,,blocked_by_r1_human_approval,,,,False,Selection candidate has not been researched or annotated; this row is not evidence.
production_design-nathan-crowley-01,production_design,nathan-crowley,craft_case,,,blocked_by_r1_human_approval,,,,True,Selection candidate has not been researched or annotated; this row is not evidence.
production_design-nathan-crowley-02,production_design,nathan-crowley,craft_case,,,blocked_by_r1_human_approval,,,,False,Selection candidate has not been researched or annotated; this row is not evidence.
production_design-nathan-crowley-03,production_design,nathan-crowley,craft_case,,,blocked_by_r1_human_approval,,,,False,Selection candidate has not been researched or annotated; this row is not evidence.
production_design-nathan-crowley-04,production_design,nathan-crowley,craft_case,,,blocked_by_r1_human_approval,,,,False,Selection candidate has not been researched or annotated; this row is not evidence.
production_design-nathan-crowley-05,production_design,nathan-crowley,craft_case,,,blocked_by_r1_human_approval,,,,False,Selection candidate has not been researched or annotated; this row is not evidence.
production_design-stuart-craig-01,production_design,stuart-craig,craft_case,,,blocked_by_r1_human_approval,,,,False,Selection candidate has not been researched or annotated; this row is not evidence.
production_design-stuart-craig-02,production_design,stuart-craig,craft_case,,,blocked_by_r1_human_approval,,,,False,Selection candidate has not been researched or annotated; this row is not evidence.
production_design-stuart-craig-03,production_design,stuart-craig,craft_case,,,blocked_by_r1_human_approval,,,,False,Selection candidate has not been researched or annotated; this row is not evidence.
production_design-stuart-craig-04,production_design,stuart-craig,craft_case,,,blocked_by_r1_human_approval,,,,False,Selection candidate has not been researched or annotated; this row is not evidence.
production_design-stuart-craig-05,production_design,stuart-craig,craft_case,,,blocked_by_r1_human_approval,,,,False,Selection candidate has not been researched or annotated; this row is not evidence.
production_design-sarah-greenwood-01,production_design,sarah-greenwood,craft_case,,,blocked_by_r1_human_approval,,,,True,Selection candidate has not been researched or annotated; this row is not evidence.
production_design-sarah-greenwood-02,production_design,sarah-greenwood,craft_case,,,blocked_by_r1_human_approval,,,,False,Selection candidate has not been researched or annotated; this row is not evidence.
production_design-sarah-greenwood-03,production_design,sarah-greenwood,craft_case,,,blocked_by_r1_human_approval,,,,False,Selection candidate has not been researched or annotated; this row is not evidence.
production_design-sarah-greenwood-04,production_design,sarah-greenwood,craft_case,,,blocked_by_r1_human_approval,,,,False,Selection candidate has not been researched or annotated; this row is not evidence.
production_design-sarah-greenwood-05,production_design,sarah-greenwood,craft_case,,,blocked_by_r1_human_approval,,,,False,Selection candidate has not been researched or annotated; this row is not evidence.
production_design-rick-carter-01,production_design,rick-carter,craft_case,,,blocked_by_r1_human_approval,,,,False,Selection candidate has not been researched or annotated; this row is not evidence.
production_design-rick-carter-02,production_design,rick-carter,craft_case,,,blocked_by_r1_human_approval,,,,False,Selection candidate has not been researched or annotated; this row is not evidence.
production_design-rick-carter-03,production_design,rick-carter,craft_case,,,blocked_by_r1_human_approval,,,,False,Selection candidate has not been researched or annotated; this row is not evidence.
production_design-rick-carter-04,production_design,rick-carter,craft_case,,,blocked_by_r1_human_approval,,,,False,Selection candidate has not been researched or annotated; this row is not evidence.
production_design-rick-carter-05,production_design,rick-carter,craft_case,,,blocked_by_r1_human_approval,,,,False,Selection candidate has not been researched or annotated; this row is not evidence.
production_design-patrice-vermette-01,production_design,patrice-vermette,craft_case,,,blocked_by_r1_human_approval,,,,True,Selection candidate has not been researched or annotated; this row is not evidence.
production_design-patrice-vermette-02,production_design,patrice-vermette,craft_case,,,blocked_by_r1_human_approval,,,,False,Selection candidate has not been researched or annotated; this row is not evidence.
production_design-patrice-vermette-03,production_design,patrice-vermette,craft_case,,,blocked_by_r1_human_approval,,,,False,Selection candidate has not been researched or annotated; this row is not evidence.
production_design-patrice-vermette-04,production_design,patrice-vermette,craft_case,,,blocked_by_r1_human_approval,,,,False,Selection candidate has not been researched or annotated; this row is not evidence.
production_design-patrice-vermette-05,production_design,patrice-vermette,craft_case,,,blocked_by_r1_human_approval,,,,False,Selection candidate has not been researched or annotated; this row is not evidence.
production_design-hannah-beachler-01,production_design,hannah-beachler,craft_case,,,blocked_by_r1_human_approval,,,,False,Selection candidate has not been researched or annotated; this row is not evidence.
production_design-hannah-beachler-02,production_design,hannah-beachler,craft_case,,,blocked_by_r1_human_approval,,,,False,Selection candidate has not been researched or annotated; this row is not evidence.
production_design-hannah-beachler-03,production_design,hannah-beachler,craft_case,,,blocked_by_r1_human_approval,,,,False,Selection candidate has not been researched or annotated; this row is not evidence.
production_design-hannah-beachler-04,production_design,hannah-beachler,craft_case,,,blocked_by_r1_human_approval,,,,False,Selection candidate has not been researched or annotated; this row is not evidence.
production_design-hannah-beachler-05,production_design,hannah-beachler,craft_case,,,blocked_by_r1_human_approval,,,,False,Selection candidate has not been researched or annotated; this row is not evidence.
production_design-eugenio-caballero-01,production_design,eugenio-caballero,craft_case,,,blocked_by_r1_human_approval,,,,True,Selection candidate has not been researched or annotated; this row is not evidence.
production_design-eugenio-caballero-02,production_design,eugenio-caballero,craft_case,,,blocked_by_r1_human_approval,,,,False,Selection candidate has not been researched or annotated; this row is not evidence.
production_design-eugenio-caballero-03,production_design,eugenio-caballero,craft_case,,,blocked_by_r1_human_approval,,,,False,Selection candidate has not been researched or annotated; this row is not evidence.
production_design-eugenio-caballero-04,production_design,eugenio-caballero,craft_case,,,blocked_by_r1_human_approval,,,,False,Selection candidate has not been researched or annotated; this row is not evidence.
production_design-eugenio-caballero-05,production_design,eugenio-caballero,craft_case,,,blocked_by_r1_human_approval,,,,False,Selection candidate has not been researched or annotated; this row is not evidence.
production_design-syd-mead-01,production_design,syd-mead,craft_case,,,blocked_by_r1_human_approval,,,,False,Selection candidate has not been researched or annotated; this row is not evidence.
production_design-syd-mead-02,production_design,syd-mead,craft_case,,,blocked_by_r1_human_approval,,,,False,Selection candidate has not been researched or annotated; this row is not evidence.
production_design-syd-mead-03,production_design,syd-mead,craft_case,,,blocked_by_r1_human_approval,,,,False,Selection candidate has not been researched or annotated; this row is not evidence.
production_design-syd-mead-04,production_design,syd-mead,craft_case,,,blocked_by_r1_human_approval,,,,False,Selection candidate has not been researched or annotated; this row is not evidence.
production_design-syd-mead-05,production_design,syd-mead,craft_case,,,blocked_by_r1_human_approval,,,,False,Selection candidate has not been researched or annotated; this row is not evidence.
production_design-rick-heinrichs-01,production_design,rick-heinrichs,craft_case,,,blocked_by_r1_human_approval,,,,True,Selection candidate has not been researched or annotated; this row is not evidence.
production_design-rick-heinrichs-02,production_design,rick-heinrichs,craft_case,,,blocked_by_r1_human_approval,,,,False,Selection candidate has not been researched or annotated; this row is not evidence.
production_design-rick-heinrichs-03,production_design,rick-heinrichs,craft_case,,,blocked_by_r1_human_approval,,,,False,Selection candidate has not been researched or annotated; this row is not evidence.
production_design-rick-heinrichs-04,production_design,rick-heinrichs,craft_case,,,blocked_by_r1_human_approval,,,,False,Selection candidate has not been researched or annotated; this row is not evidence.
production_design-rick-heinrichs-05,production_design,rick-heinrichs,craft_case,,,blocked_by_r1_human_approval,,,,False,Selection candidate has not been researched or annotated; this row is not evidence.
production_design-dante-ferretti-01,production_design,dante-ferretti,craft_case,,,blocked_by_r1_human_approval,,,,False,Selection candidate has not been researched or annotated; this row is not evidence.
production_design-dante-ferretti-02,production_design,dante-ferretti,craft_case,,,blocked_by_r1_human_approval,,,,False,Selection candidate has not been researched or annotated; this row is not evidence.
production_design-dante-ferretti-03,production_design,dante-ferretti,craft_case,,,blocked_by_r1_human_approval,,,,False,Selection candidate has not been researched or annotated; this row is not evidence.
production_design-dante-ferretti-04,production_design,dante-ferretti,craft_case,,,blocked_by_r1_human_approval,,,,False,Selection candidate has not been researched or annotated; this row is not evidence.
production_design-dante-ferretti-05,production_design,dante-ferretti,craft_case,,,blocked_by_r1_human_approval,,,,False,Selection candidate has not been researched or annotated; this row is not evidence.
motion_vfx-saul-bass-01,motion_vfx,saul-bass,craft_case,,,blocked_by_r1_human_approval,,,,True,Selection candidate has not been researched or annotated; this row is not evidence.
motion_vfx-saul-bass-02,motion_vfx,saul-bass,craft_case,,,blocked_by_r1_human_approval,,,,False,Selection candidate has not been researched or annotated; this row is not evidence.
motion_vfx-saul-bass-03,motion_vfx,saul-bass,craft_case,,,blocked_by_r1_human_approval,,,,False,Selection candidate has not been researched or annotated; this row is not evidence.
motion_vfx-saul-bass-04,motion_vfx,saul-bass,craft_case,,,blocked_by_r1_human_approval,,,,False,Selection candidate has not been researched or annotated; this row is not evidence.
motion_vfx-saul-bass-05,motion_vfx,saul-bass,craft_case,,,blocked_by_r1_human_approval,,,,False,Selection candidate has not been researched or annotated; this row is not evidence.
motion_vfx-kyle-cooper-01,motion_vfx,kyle-cooper,craft_case,,,blocked_by_r1_human_approval,,,,False,Selection candidate has not been researched or annotated; this row is not evidence.
motion_vfx-kyle-cooper-02,motion_vfx,kyle-cooper,craft_case,,,blocked_by_r1_human_approval,,,,False,Selection candidate has not been researched or annotated; this row is not evidence.
motion_vfx-kyle-cooper-03,motion_vfx,kyle-cooper,craft_case,,,blocked_by_r1_human_approval,,,,False,Selection candidate has not been researched or annotated; this row is not evidence.
motion_vfx-kyle-cooper-04,motion_vfx,kyle-cooper,craft_case,,,blocked_by_r1_human_approval,,,,False,Selection candidate has not been researched or annotated; this row is not evidence.
motion_vfx-kyle-cooper-05,motion_vfx,kyle-cooper,craft_case,,,blocked_by_r1_human_approval,,,,False,Selection candidate has not been researched or annotated; this row is not evidence.
motion_vfx-ash-thorp-01,motion_vfx,ash-thorp,craft_case,,,blocked_by_r1_human_approval,,,,True,Selection candidate has not been researched or annotated; this row is not evidence.
motion_vfx-ash-thorp-02,motion_vfx,ash-thorp,craft_case,,,blocked_by_r1_human_approval,,,,False,Selection candidate has not been researched or annotated; this row is not evidence.
motion_vfx-ash-thorp-03,motion_vfx,ash-thorp,craft_case,,,blocked_by_r1_human_approval,,,,False,Selection candidate has not been researched or annotated; this row is not evidence.
motion_vfx-ash-thorp-04,motion_vfx,ash-thorp,craft_case,,,blocked_by_r1_human_approval,,,,False,Selection candidate has not been researched or annotated; this row is not evidence.
motion_vfx-ash-thorp-05,motion_vfx,ash-thorp,craft_case,,,blocked_by_r1_human_approval,,,,False,Selection candidate has not been researched or annotated; this row is not evidence.
motion_vfx-gmunk-01,motion_vfx,gmunk,craft_case,,,blocked_by_r1_human_approval,,,,False,Selection candidate has not been researched or annotated; this row is not evidence.
motion_vfx-gmunk-02,motion_vfx,gmunk,craft_case,,,blocked_by_r1_human_approval,,,,False,Selection candidate has not been researched or annotated; this row is not evidence.
motion_vfx-gmunk-03,motion_vfx,gmunk,craft_case,,,blocked_by_r1_human_approval,,,,False,Selection candidate has not been researched or annotated; this row is not evidence.
motion_vfx-gmunk-04,motion_vfx,gmunk,craft_case,,,blocked_by_r1_human_approval,,,,False,Selection candidate has not been researched or annotated; this row is not evidence.
motion_vfx-gmunk-05,motion_vfx,gmunk,craft_case,,,blocked_by_r1_human_approval,,,,False,Selection candidate has not been researched or annotated; this row is not evidence.
motion_vfx-ordinary-folk-01,motion_vfx,ordinary-folk,craft_case,,,blocked_by_r1_human_approval,,,,True,Selection candidate has not been researched or annotated; this row is not evidence.
motion_vfx-ordinary-folk-02,motion_vfx,ordinary-folk,craft_case,,,blocked_by_r1_human_approval,,,,False,Selection candidate has not been researched or annotated; this row is not evidence.
motion_vfx-ordinary-folk-03,motion_vfx,ordinary-folk,craft_case,,,blocked_by_r1_human_approval,,,,False,Selection candidate has not been researched or annotated; this row is not evidence.
motion_vfx-ordinary-folk-04,motion_vfx,ordinary-folk,craft_case,,,blocked_by_r1_human_approval,,,,False,Selection candidate has not been researched or annotated; this row is not evidence.
motion_vfx-ordinary-folk-05,motion_vfx,ordinary-folk,craft_case,,,blocked_by_r1_human_approval,,,,False,Selection candidate has not been researched or annotated; this row is not evidence.
motion_vfx-buck-01,motion_vfx,buck,craft_case,,,blocked_by_r1_human_approval,,,,False,Selection candidate has not been researched or annotated; this row is not evidence.
motion_vfx-buck-02,motion_vfx,buck,craft_case,,,blocked_by_r1_human_approval,,,,False,Selection candidate has not been researched or annotated; this row is not evidence.
motion_vfx-buck-03,motion_vfx,buck,craft_case,,,blocked_by_r1_human_approval,,,,False,Selection candidate has not been researched or annotated; this row is not evidence.
motion_vfx-buck-04,motion_vfx,buck,craft_case,,,blocked_by_r1_human_approval,,,,False,Selection candidate has not been researched or annotated; this row is not evidence.
motion_vfx-buck-05,motion_vfx,buck,craft_case,,,blocked_by_r1_human_approval,,,,False,Selection candidate has not been researched or annotated; this row is not evidence.
motion_vfx-andrew-kramer-01,motion_vfx,andrew-kramer,craft_case,,,blocked_by_r1_human_approval,,,,True,Selection candidate has not been researched or annotated; this row is not evidence.
motion_vfx-andrew-kramer-02,motion_vfx,andrew-kramer,craft_case,,,blocked_by_r1_human_approval,,,,False,Selection candidate has not been researched or annotated; this row is not evidence.
motion_vfx-andrew-kramer-03,motion_vfx,andrew-kramer,craft_case,,,blocked_by_r1_human_approval,,,,False,Selection candidate has not been researched or annotated; this row is not evidence.
motion_vfx-andrew-kramer-04,motion_vfx,andrew-kramer,craft_case,,,blocked_by_r1_human_approval,,,,False,Selection candidate has not been researched or annotated; this row is not evidence.
motion_vfx-andrew-kramer-05,motion_vfx,andrew-kramer,craft_case,,,blocked_by_r1_human_approval,,,,False,Selection candidate has not been researched or annotated; this row is not evidence.
motion_vfx-ian-hubert-01,motion_vfx,ian-hubert,craft_case,,,blocked_by_r1_human_approval,,,,False,Selection candidate has not been researched or annotated; this row is not evidence.
motion_vfx-ian-hubert-02,motion_vfx,ian-hubert,craft_case,,,blocked_by_r1_human_approval,,,,False,Selection candidate has not been researched or annotated; this row is not evidence.
motion_vfx-ian-hubert-03,motion_vfx,ian-hubert,craft_case,,,blocked_by_r1_human_approval,,,,False,Selection candidate has not been researched or annotated; this row is not evidence.
motion_vfx-ian-hubert-04,motion_vfx,ian-hubert,craft_case,,,blocked_by_r1_human_approval,,,,False,Selection candidate has not been researched or annotated; this row is not evidence.
motion_vfx-ian-hubert-05,motion_vfx,ian-hubert,craft_case,,,blocked_by_r1_human_approval,,,,False,Selection candidate has not been researched or annotated; this row is not evidence.
motion_vfx-paul-trillo-01,motion_vfx,paul-trillo,craft_case,,,blocked_by_r1_human_approval,,,,True,Selection candidate has not been researched or annotated; this row is not evidence.
motion_vfx-paul-trillo-02,motion_vfx,paul-trillo,craft_case,,,blocked_by_r1_human_approval,,,,False,Selection candidate has not been researched or annotated; this row is not evidence.
motion_vfx-paul-trillo-03,motion_vfx,paul-trillo,craft_case,,,blocked_by_r1_human_approval,,,,False,Selection candidate has not been researched or annotated; this row is not evidence.
motion_vfx-paul-trillo-04,motion_vfx,paul-trillo,craft_case,,,blocked_by_r1_human_approval,,,,False,Selection candidate has not been researched or annotated; this row is not evidence.
motion_vfx-paul-trillo-05,motion_vfx,paul-trillo,craft_case,,,blocked_by_r1_human_approval,,,,False,Selection candidate has not been researched or annotated; this row is not evidence.
motion_vfx-corridor-digital-01,motion_vfx,corridor-digital,craft_case,,,blocked_by_r1_human_approval,,,,False,Selection candidate has not been researched or annotated; this row is not evidence.
motion_vfx-corridor-digital-02,motion_vfx,corridor-digital,craft_case,,,blocked_by_r1_human_approval,,,,False,Selection candidate has not been researched or annotated; this row is not evidence.
motion_vfx-corridor-digital-03,motion_vfx,corridor-digital,craft_case,,,blocked_by_r1_human_approval,,,,False,Selection candidate has not been researched or annotated; this row is not evidence.
motion_vfx-corridor-digital-04,motion_vfx,corridor-digital,craft_case,,,blocked_by_r1_human_approval,,,,False,Selection candidate has not been researched or annotated; this row is not evidence.
motion_vfx-corridor-digital-05,motion_vfx,corridor-digital,craft_case,,,blocked_by_r1_human_approval,,,,False,Selection candidate has not been researched or annotated; this row is not evidence.
sound_music-ben-burtt-01,sound_music,ben-burtt,craft_case,,,blocked_by_r1_human_approval,,,,True,Selection candidate has not been researched or annotated; this row is not evidence.
sound_music-ben-burtt-02,sound_music,ben-burtt,craft_case,,,blocked_by_r1_human_approval,,,,False,Selection candidate has not been researched or annotated; this row is not evidence.
sound_music-ben-burtt-03,sound_music,ben-burtt,craft_case,,,blocked_by_r1_human_approval,,,,False,Selection candidate has not been researched or annotated; this row is not evidence.
sound_music-ben-burtt-04,sound_music,ben-burtt,craft_case,,,blocked_by_r1_human_approval,,,,False,Selection candidate has not been researched or annotated; this row is not evidence.
sound_music-ben-burtt-05,sound_music,ben-burtt,craft_case,,,blocked_by_r1_human_approval,,,,False,Selection candidate has not been researched or annotated; this row is not evidence.
sound_music-randy-thom-01,sound_music,randy-thom,craft_case,,,blocked_by_r1_human_approval,,,,False,Selection candidate has not been researched or annotated; this row is not evidence.
sound_music-randy-thom-02,sound_music,randy-thom,craft_case,,,blocked_by_r1_human_approval,,,,False,Selection candidate has not been researched or annotated; this row is not evidence.
sound_music-randy-thom-03,sound_music,randy-thom,craft_case,,,blocked_by_r1_human_approval,,,,False,Selection candidate has not been researched or annotated; this row is not evidence.
sound_music-randy-thom-04,sound_music,randy-thom,craft_case,,,blocked_by_r1_human_approval,,,,False,Selection candidate has not been researched or annotated; this row is not evidence.
sound_music-randy-thom-05,sound_music,randy-thom,craft_case,,,blocked_by_r1_human_approval,,,,False,Selection candidate has not been researched or annotated; this row is not evidence.
sound_music-gary-rydstrom-01,sound_music,gary-rydstrom,craft_case,,,blocked_by_r1_human_approval,,,,True,Selection candidate has not been researched or annotated; this row is not evidence.
sound_music-gary-rydstrom-02,sound_music,gary-rydstrom,craft_case,,,blocked_by_r1_human_approval,,,,False,Selection candidate has not been researched or annotated; this row is not evidence.
sound_music-gary-rydstrom-03,sound_music,gary-rydstrom,craft_case,,,blocked_by_r1_human_approval,,,,False,Selection candidate has not been researched or annotated; this row is not evidence.
sound_music-gary-rydstrom-04,sound_music,gary-rydstrom,craft_case,,,blocked_by_r1_human_approval,,,,False,Selection candidate has not been researched or annotated; this row is not evidence.
sound_music-gary-rydstrom-05,sound_music,gary-rydstrom,craft_case,,,blocked_by_r1_human_approval,,,,False,Selection candidate has not been researched or annotated; this row is not evidence.
sound_music-ren-klyce-01,sound_music,ren-klyce,craft_case,,,blocked_by_r1_human_approval,,,,False,Selection candidate has not been researched or annotated; this row is not evidence.
sound_music-ren-klyce-02,sound_music,ren-klyce,craft_case,,,blocked_by_r1_human_approval,,,,False,Selection candidate has not been researched or annotated; this row is not evidence.
sound_music-ren-klyce-03,sound_music,ren-klyce,craft_case,,,blocked_by_r1_human_approval,,,,False,Selection candidate has not been researched or annotated; this row is not evidence.
sound_music-ren-klyce-04,sound_music,ren-klyce,craft_case,,,blocked_by_r1_human_approval,,,,False,Selection candidate has not been researched or annotated; this row is not evidence.
sound_music-ren-klyce-05,sound_music,ren-klyce,craft_case,,,blocked_by_r1_human_approval,,,,False,Selection candidate has not been researched or annotated; this row is not evidence.
sound_music-richard-king-01,sound_music,richard-king,craft_case,,,blocked_by_r1_human_approval,,,,True,Selection candidate has not been researched or annotated; this row is not evidence.
sound_music-richard-king-02,sound_music,richard-king,craft_case,,,blocked_by_r1_human_approval,,,,False,Selection candidate has not been researched or annotated; this row is not evidence.
sound_music-richard-king-03,sound_music,richard-king,craft_case,,,blocked_by_r1_human_approval,,,,False,Selection candidate has not been researched or annotated; this row is not evidence.
sound_music-richard-king-04,sound_music,richard-king,craft_case,,,blocked_by_r1_human_approval,,,,False,Selection candidate has not been researched or annotated; this row is not evidence.
sound_music-richard-king-05,sound_music,richard-king,craft_case,,,blocked_by_r1_human_approval,,,,False,Selection candidate has not been researched or annotated; this row is not evidence.
sound_music-hans-zimmer-01,sound_music,hans-zimmer,craft_case,,,blocked_by_r1_human_approval,,,,False,Selection candidate has not been researched or annotated; this row is not evidence.
sound_music-hans-zimmer-02,sound_music,hans-zimmer,craft_case,,,blocked_by_r1_human_approval,,,,False,Selection candidate has not been researched or annotated; this row is not evidence.
sound_music-hans-zimmer-03,sound_music,hans-zimmer,craft_case,,,blocked_by_r1_human_approval,,,,False,Selection candidate has not been researched or annotated; this row is not evidence.
sound_music-hans-zimmer-04,sound_music,hans-zimmer,craft_case,,,blocked_by_r1_human_approval,,,,False,Selection candidate has not been researched or annotated; this row is not evidence.
sound_music-hans-zimmer-05,sound_music,hans-zimmer,craft_case,,,blocked_by_r1_human_approval,,,,False,Selection candidate has not been researched or annotated; this row is not evidence.
sound_music-ludwig-goransson-01,sound_music,ludwig-goransson,craft_case,,,blocked_by_r1_human_approval,,,,True,Selection candidate has not been researched or annotated; this row is not evidence.
sound_music-ludwig-goransson-02,sound_music,ludwig-goransson,craft_case,,,blocked_by_r1_human_approval,,,,False,Selection candidate has not been researched or annotated; this row is not evidence.
sound_music-ludwig-goransson-03,sound_music,ludwig-goransson,craft_case,,,blocked_by_r1_human_approval,,,,False,Selection candidate has not been researched or annotated; this row is not evidence.
sound_music-ludwig-goransson-04,sound_music,ludwig-goransson,craft_case,,,blocked_by_r1_human_approval,,,,False,Selection candidate has not been researched or annotated; this row is not evidence.
sound_music-ludwig-goransson-05,sound_music,ludwig-goransson,craft_case,,,blocked_by_r1_human_approval,,,,False,Selection candidate has not been researched or annotated; this row is not evidence.
sound_music-hildur-gudnadottir-01,sound_music,hildur-gudnadottir,craft_case,,,blocked_by_r1_human_approval,,,,False,Selection candidate has not been researched or annotated; this row is not evidence.
sound_music-hildur-gudnadottir-02,sound_music,hildur-gudnadottir,craft_case,,,blocked_by_r1_human_approval,,,,False,Selection candidate has not been researched or annotated; this row is not evidence.
sound_music-hildur-gudnadottir-03,sound_music,hildur-gudnadottir,craft_case,,,blocked_by_r1_human_approval,,,,False,Selection candidate has not been researched or annotated; this row is not evidence.
sound_music-hildur-gudnadottir-04,sound_music,hildur-gudnadottir,craft_case,,,blocked_by_r1_human_approval,,,,False,Selection candidate has not been researched or annotated; this row is not evidence.
sound_music-hildur-gudnadottir-05,sound_music,hildur-gudnadottir,craft_case,,,blocked_by_r1_human_approval,,,,False,Selection candidate has not been researched or annotated; this row is not evidence.
sound_music-nicholas-britell-01,sound_music,nicholas-britell,craft_case,,,blocked_by_r1_human_approval,,,,True,Selection candidate has not been researched or annotated; this row is not evidence.
sound_music-nicholas-britell-02,sound_music,nicholas-britell,craft_case,,,blocked_by_r1_human_approval,,,,False,Selection candidate has not been researched or annotated; this row is not evidence.
sound_music-nicholas-britell-03,sound_music,nicholas-britell,craft_case,,,blocked_by_r1_human_approval,,,,False,Selection candidate has not been researched or annotated; this row is not evidence.
sound_music-nicholas-britell-04,sound_music,nicholas-britell,craft_case,,,blocked_by_r1_human_approval,,,,False,Selection candidate has not been researched or annotated; this row is not evidence.
sound_music-nicholas-britell-05,sound_music,nicholas-britell,craft_case,,,blocked_by_r1_human_approval,,,,False,Selection candidate has not been researched or annotated; this row is not evidence.
sound_music-trent-reznor-atticus-ross-01,sound_music,trent-reznor-atticus-ross,craft_case,,,blocked_by_r1_human_approval,,,,False,Selection candidate has not been researched or annotated; this row is not evidence.
sound_music-trent-reznor-atticus-ross-02,sound_music,trent-reznor-atticus-ross,craft_case,,,blocked_by_r1_human_approval,,,,False,Selection candidate has not been researched or annotated; this row is not evidence.
sound_music-trent-reznor-atticus-ross-03,sound_music,trent-reznor-atticus-ross,craft_case,,,blocked_by_r1_human_approval,,,,False,Selection candidate has not been researched or annotated; this row is not evidence.
sound_music-trent-reznor-atticus-ross-04,sound_music,trent-reznor-atticus-ross,craft_case,,,blocked_by_r1_human_approval,,,,False,Selection candidate has not been researched or annotated; this row is not evidence.
sound_music-trent-reznor-atticus-ross-05,sound_music,trent-reznor-atticus-ross,craft_case,,,blocked_by_r1_human_approval,,,,False,Selection candidate has not been researched or annotated; this row is not evidence.
